NetworkLookup_TblRefID,Network_Code,Network_RAPDRPCode,Network_Name,Network_Address,HigherNetwork_ID,NetworkHierarchy_TblRefID,OrganisationLookup_TblRefID,IsActiveStatus,EntryUserCode,EntryDateTime,EntryLoginCode,UpdateLoginCode,UpdateUserCode,UpdateDateTime,Network_NIC_Code,Network_PFC_Code,SUPPLY_VTG_TblRefID
1001,SS683,SS683,ABHAPURI,ABHAPURI,0,1,467,True,1,10/14/2020 9:35:02 AM,,,,,,,1
1002,SS451,SS451,CHAMATI,CHAMATI,0,1,245,True,1,10/14/2020 9:35:02 AM,,,,,,,1
1003,SS453,SS453,NIHALWADI,NIHALWADI,0,1,245,True,1,10/14/2020 9:35:02 AM,,,,,,,1
1004,SS457,SS457,BORKHALIYA,BORKHALIYA,0,1,100,True,1,10/14/2020 9:35:02 AM,,,,,,,1
1005,SS461,SS461,RATATALAI,RATATALAI,0,1,116,True,1,10/14/2020 9:35:02 AM,,,,,,,1
1006,SS465,SS465,BANJARI,BANJARI,0,1,444,True,1,10/14/2020 9:35:02 AM,,,,,,,1
1007,SS467,SS467,BEHGAON,BEHGAON,0,1,495,True,1,10/14/2020 9:35:02 AM,,,,,,,1
1008,SS469,SS469,BHAMPURA,BHAMPURA,0,1,495,True,1,10/14/2020 9:35:02 AM,,,,,,,1
1009,SS47,SS47,BERCHHA DATAR,BERCHHA DATAR,0,1,136,True,1,10/14/2020 9:35:02 AM,,,,,,,1
1010,SS472,SS472,JETHWAY,JETHWAY,0,1,444,True,1,10/14/2020 9:35:02 AM,,,,,,,1
1011,SS473,SS473,KHANGWADA,KHANGWADA,0,1,227,True,1,10/14/2020 9:35:02 AM,,,,,,,1
1012,SS485,SS485,DHAKALGAON,DHAKALGAON,0,1,446,True,1,10/14/2020 9:35:02 AM,,,,,,,1
1013,SS49,SS49,DHABOTI,DHABOTI,0,1,134,True,1,10/14/2020 9:35:02 AM,,,,,,,1
1014,SS492,SS492,BAGANA,BAGANA,0,1,191,True,1,10/14/2020 9:35:02 AM,,,,,,,1
1015,SS493,SS493,BARLAI JAGIR,BARLAI JAGIR,0,1,90,True,1,10/14/2020 9:35:02 AM,,,,,,,1
1016,SS500,SS500,SHRI KRISHNA AVENUE,SHRI KRISHNA AVENUE,0,1,147,True,1,10/14/2020 9:35:02 AM,,,,,,,1
1017,SS501,SS501,TARANA,TARANA,0,1,147,True,1,10/14/2020 9:35:02 AM,,,,,,,1
1018,SS507,SS507,SIVNI,SIVNI,0,1,149,True,1,10/14/2020 9:35:02 AM,,,,,,,1
1019,SS511,SS511,BISALWAS KALA,BISALWAS KALA,0,1,283,True,1,10/14/2020 9:35:02 AM,,,,,,,1
1020,SS53,SS53,TILAWAD,TILAWAD,0,1,130,True,1,10/14/2020 9:35:02 AM,,,,,,,1
1021,SS55,SS55,BADGAONGUJAR,BADGAONGUJAR,0,1,234,True,1,10/14/2020 9:35:02 AM,,,,,,,1
1022,SS556,SS556,KHEDAWADA,KHEDAWADA,0,1,339,True,1,10/14/2020 9:35:02 AM,,,,,,,1
1023,SS561,SS561,PALWA,PALWA,0,1,351,True,1,10/14/2020 9:35:02 AM,,,,,,,1
1024,SS563,SS563,PIPLU,PIPLU,0,1,352,True,1,10/14/2020 9:35:02 AM,,,,,,,1
1025,SS578,SS578,KHILCHIPURA,KHILCHIPURA,0,1,263,True,1,10/14/2020 9:35:02 AM,,,,,,,1
1026,SS592,SS592,SHUJALPUR CITY,SHUJALPUR CITY,0,1,138,True,1,10/14/2020 9:35:02 AM,,,,,,,1
1027,SS594,SS594,TAJPUR UKALA,TAJPUR UKALA,0,1,139,True,1,10/14/2020 9:35:02 AM,,,,,,,1
1028,SS598,SS598,KHOKRAKALAN,KHOKRAKALAN,0,1,133,True,1,10/14/2020 9:35:02 AM,,,,,,,1
1029,SS6,SS6,ELECTRONIC COMPLEX,ELECTRONIC COMPLEX,0,1,198,True,1,10/14/2020 9:35:02 AM,,,,,,,1
1030,SS60,SS60,DULHAR,DULHAR,0,1,245,True,1,10/14/2020 9:35:02 AM,,,,,,,1
1031,SS602,SS602,GUMANPURA,GUMANPURA,0,1,426,True,1,10/14/2020 9:35:02 AM,,,,,,,1
1032,SS611,SS611,BHANDARIYA RD,BHANDARIYA RD,0,1,234,True,1,10/14/2020 9:35:02 AM,,,,,,,1
1033,SS615,SS615,DONGARGAON,DONGARGAON,0,1,225,True,1,10/14/2020 9:35:02 AM,,,,,,,1
1034,SS617,SS617,INDORE RD,INDORE RD,0,1,234,True,1,10/14/2020 9:35:02 AM,,,,,,,1
1035,SS62,SS62,KUMTHI,KUMTHI,0,1,246,True,1,10/14/2020 9:35:02 AM,,,,,,,1
1036,SS635,SS635,KHACHRODA,KHACHRODA,0,1,405,True,1,10/14/2020 9:35:02 AM,,,,,,,1
1037,SS636,SS636,KHEROD,KHEROD,0,1,405,True,1,10/14/2020 9:35:02 AM,,,,,,,1
1038,SS648,SS648,GONDRI,GONDRI,0,1,217,True,1,10/14/2020 9:35:02 AM,,,,,,,1
1039,SS649,SS649,GORADIYA,GORADIYA,0,1,214,True,1,10/14/2020 9:35:02 AM,,,,,,,1
1040,SS65,SS65,BADIYAMANDU,BADIYAMANDU,0,1,112,True,1,10/14/2020 9:35:02 AM,,,,,,,1
1041,SS651,SS651,NIMBOLA,NIMBOLA,0,1,221,True,1,10/14/2020 9:35:02 AM,,,,,,,1
1042,SS658,SS658,JHUMER KHALI,JHUMER KHALI,0,1,229,True,1,10/14/2020 9:35:02 AM,,,,,,,1
1043,SS66,SS66,BAGLI,BAGLI,0,1,85,True,1,10/14/2020 9:35:02 AM,,,,,,,1
1044,SS661,SS661,NEW HARSUD,NEW HARSUD,0,1,229,True,1,10/14/2020 9:35:02 AM,,,,,,,1
1045,SS679,SS679,TILGARA,TILGARA,0,1,440,True,1,10/14/2020 9:35:02 AM,,,,,,,1
1046,SS688,SS688,KUNDIYA,KUNDIYA,0,1,448,True,1,10/14/2020 9:35:02 AM,,,,,,,1
1047,SS692,SS692,CHANDRAWATI GANJ,CHANDRAWATI GANJ,0,1,146,True,1,10/14/2020 9:35:02 AM,,,,,,,1
1048,SS70,SS70,GURADIYAKALA,GURADIYAKALA,0,1,110,True,1,10/14/2020 9:35:02 AM,,,,,,,1
1049,SS700,SS700,GADAGAON,GADAGAON,0,1,107,True,1,10/14/2020 9:35:02 AM,,,,,,,1
1050,SS708,SS708,DAWTHA,DAWTHA,0,1,101,True,1,10/14/2020 9:35:02 AM,,,,,,,1
1051,SS719,SS719,MAKDONE,MAKDONE,0,1,364,True,1,10/14/2020 9:35:02 AM,,,,,,,1
1052,SS72,SS72,KAMLAPUR,KAMLAPUR,0,1,113,True,1,10/14/2020 9:35:02 AM,,,,,,,1
1053,SS729,SS729,CHHEDAWAD,CHHEDAWAD,0,1,363,True,1,10/14/2020 9:35:02 AM,,,,,,,1
1054,SS730,SS730,ITAWA,ITAWA,0,1,363,True,1,10/14/2020 9:35:02 AM,,,,,,,1
1055,SS738,SS738,KACHANARIYA,KACHANARIYA,0,1,81,True,1,10/14/2020 9:35:02 AM,,,,,,,1
1056,SS742,SS742,AKYA JAGIR,AKYA JAGIR,0,1,355,True,1,10/14/2020 9:35:02 AM,,,,,,,1
1057,SS743,SS743,BANJARI,BANJARI,0,1,355,True,1,10/14/2020 9:35:02 AM,,,,,,,1
1058,SS752,SS752,KILODIYA,KILODIYA,0,1,355,True,1,10/14/2020 9:35:02 AM,,,,,,,1
1059,SS755,SS755,NARSINGH GADH,NARSINGH GADH,0,1,357,True,1,10/14/2020 9:35:02 AM,,,,,,,1
1060,SS762,SS762,DHABLIKAMMA,DHABLIKAMMA,0,1,384,True,1,10/14/2020 9:35:02 AM,,,,,,,1
1061,SS765,SS765,JAGOTI,JAGOTI,0,1,383,True,1,10/14/2020 9:35:02 AM,,,,,,,1
1062,SS768,SS768,PAT,PAT,0,1,368,True,1,10/14/2020 9:35:02 AM,,,,,,,1
1063,SS769,SS769,NEKPUR,NEKPUR,0,1,194,True,1,10/14/2020 9:35:02 AM,,,,,,,1
1064,SS770,SS770,SEJWAYA,SEJWAYA,0,1,194,True,1,10/14/2020 9:35:02 AM,,,,,,,1
1065,SS772,SS772,BARKHEDA KALA,BARKHEDA KALA,0,1,331,True,1,10/14/2020 9:35:02 AM,,,,,,,1
1066,SS774,SS774,BHOJAKHEDI,BHOJAKHEDI,0,1,329,True,1,10/14/2020 9:35:02 AM,,,,,,,1
1067,SS776,SS776,DUDHAWATI,DUDHAWATI,0,1,329,True,1,10/14/2020 9:35:02 AM,,,,,,,1
1068,SS781,SS781,MALAKHEDA,MALAKHEDA,0,1,331,True,1,10/14/2020 9:35:02 AM,,,,,,,1
1069,SS802,SS802,RAWATI,RAWATI,0,1,291,True,1,10/14/2020 9:35:02 AM,,,,,,,1
1070,SS804,SS804,SHAM GARH,SHAM GARH,0,1,260,True,1,10/14/2020 9:35:02 AM,,,,,,,1
1071,SS810,SS810,JAMNER,JAMNER,0,1,134,True,1,10/14/2020 9:35:02 AM,,,,,,,1
1072,SS811,SS811,SATENDI,SATENDI,0,1,139,True,1,10/14/2020 9:35:02 AM,,,,,,,1
1073,SS100,SS100,BIJEPURA,BIJEPURA,0,1,193,True,1,10/14/2020 9:35:02 AM,,,,,,,1
1074,SS10001,SS10001,D.MADAIN,D.MADAIN,0,1,171,True,1,10/14/2020 9:35:02 AM,,,,,,,1
1075,SS10014,SS10014,SILVER MENSION,SILVER MENSION,0,1,170,True,1,10/14/2020 9:35:02 AM,,,,,,,1
1076,SS10026,SS10026,LALABG,LALABG,0,1,212,True,1,10/14/2020 9:35:02 AM,,,,,,,1
1077,SS10028,SS10028,HARANGAO,HARANGAO,0,1,104,True,1,10/14/2020 9:35:02 AM,,,,,,,1
1078,SS10031,SS10031,SEJAWATA,SEJAWATA,0,1,325,True,1,10/14/2020 9:35:02 AM,,,,,,,1
1079,SS10037,SS10037,GUMASHATA NG.,GUMASHATA NG.,0,1,163,True,1,10/14/2020 9:35:02 AM,,,,,,,1
1080,SS10039,SS10039,SEMALDA,SEMALDA,0,1,183,True,1,10/14/2020 9:35:02 AM,,,,,,,1
1081,SS10040,SS10040,TAKHLA,TAKHLA,0,1,83,True,1,10/14/2020 9:35:02 AM,,,,,,,1
1082,SS10043,SS10043,LIMBI,LIMBI,0,1,463,True,1,10/14/2020 9:35:02 AM,,,,,,,1
1083,SS10044,SS10044,BHOPAL RD. DEWAS,BHOPAL RD. DEWAS,0,1,143,True,1,10/14/2020 9:35:02 AM,,,,,,,1
1084,SS1006,SS1006,SUWASA,SUWASA,0,1,349,True,1,10/14/2020 9:35:02 AM,,,,,,,1
1085,SS10060,SS10060,OCIAN PARK,OCIAN PARK,0,1,202,True,1,10/14/2020 9:35:02 AM,,,,,,,1
1086,SS10074,SS10074,DEVLA (SARVAR),DEVLA (SARVAR),0,1,474,True,1,10/14/2020 9:35:02 AM,,,,,,,1
1087,SS10077,SS10077,CHAND WASA,CHAND WASA,0,1,259,True,1,10/14/2020 9:35:02 AM,,,,,,,1
1088,SS10082,SS10082,RIJAWATA,RIJAWATA,0,1,125,True,1,10/14/2020 9:35:02 AM,,,,,,,1
1089,SS10090,SS10090,HEERAPUR TEKA,HEERAPUR TEKA,0,1,120,True,1,10/14/2020 9:35:02 AM,,,,,,,1
1090,SS10109,SS10109,LASULDIYA MALAK,LASULDIYA MALAK,0,1,136,True,1,10/14/2020 9:35:02 AM,,,,,,,1
1091,SS10117,SS10117,SHAJAPUR,SHAJAPUR,0,1,127,True,1,10/14/2020 9:35:02 AM,,,,,,,1
1092,SS10126,SS10126,NAGALWADI,NAGALWADI,0,1,500,True,1,10/14/2020 9:35:02 AM,,,,,,,1
1093,SS1013,SS1013,AMARPURA,AMARPURA,0,1,307,True,1,10/14/2020 9:35:02 AM,,,,,,,1
1094,SS10134,SS10134,SENDHWA,SENDHWA,0,1,498,True,1,10/14/2020 9:35:02 AM,,,,,,,1
1095,SS10135,SS10135,KHADKI,KHADKI,0,1,505,True,1,10/14/2020 9:35:02 AM,,,,,,,1
1096,SS10143,SS10143,CHURCH GRID,CHURCH GRID,0,1,498,True,1,10/14/2020 9:35:02 AM,,,,,,,1
1097,SS10148,SS10148,BADGOAN,BADGOAN,0,1,501,True,1,10/14/2020 9:35:02 AM,,,,,,,1
1098,SS10149,SS10149,RAJPUR,RAJPUR,0,1,499,True,1,10/14/2020 9:35:02 AM,,,,,,,1
1099,SS10153,SS10153,CHATLI,CHATLI,0,1,502,True,1,10/14/2020 9:35:02 AM,,,,,,,1
1100,SS10154,SS10154,SENDHWA-T,SENDHWA-T,0,1,498,True,1,10/14/2020 9:35:02 AM,,,,,,,1
1101,SS10156,SS10156,JAMTHI,JAMTHI,0,1,214,True,1,10/14/2020 9:35:02 AM,,,,,,,1
1102,SS10179,SS10179,BADGARA (NAVADA),BADGARA (NAVADA),0,1,352,True,1,10/14/2020 9:35:02 AM,,,,,,,1
1103,SS10184,SS10184,KOTHDI,KOTHDI,0,1,349,True,1,10/14/2020 9:35:02 AM,,,,,,,1
1104,SS10186,SS10186,SIJAWATA,SIJAWATA,0,1,351,True,1,10/14/2020 9:35:02 AM,,,,,,,1
1105,SS10189,SS10189,BHURIYA KAJURIYA,BHURIYA KAJURIYA,0,1,134,True,1,10/14/2020 9:35:02 AM,,,,,,,1
1106,SS102,SS102,CHHOTA BETMA,CHHOTA BETMA,0,1,193,True,1,10/14/2020 9:35:02 AM,,,,,,,1
1107,SS1025,SS1025,KUKDESHWAR,KUKDESHWAR,0,1,308,True,1,10/14/2020 9:35:02 AM,,,,,,,1
1108,SS1026,SS1026,LASOOR,LASOOR,0,1,302,True,1,10/14/2020 9:35:02 AM,,,,,,,1
1109,SS103,SS103,CHIKLONDA,CHIKLONDA,0,1,90,True,1,10/14/2020 9:35:02 AM,,,,,,,1
1110,SS1030,SS1030,RAMPURA,RAMPURA,0,1,307,True,1,10/14/2020 9:35:02 AM,,,,,,,1
1111,SS1034,SS1034,DHAMNOD,DHAMNOD,0,1,338,True,1,10/14/2020 9:35:02 AM,,,,,,,1
1112,SS1043,SS1043,SARWAN,SARWAN,0,1,342,True,1,10/14/2020 9:35:02 AM,,,,,,,1
1113,SS1052,SS1052,POLAIKHURD,POLAIKHURD,0,1,137,True,1,10/14/2020 9:35:02 AM,,,,,,,1
1114,SS1066,SS1066,SIROLIYA,SIROLIYA,0,1,124,True,1,10/14/2020 9:35:02 AM,,,,,,,1
1115,SS1077,SS1077,MOTAPURA,MOTAPURA,0,1,479,True,1,10/14/2020 9:35:02 AM,,,,,,,1
1116,SS1083,SS1083,KOTHI,KOTHI,0,1,227,True,1,10/14/2020 9:35:02 AM,,,,,,,1
1117,SS1084,SS1084,NEW OMKARESHWAR,NEW OMKARESHWAR,0,1,227,True,1,10/14/2020 9:35:02 AM,,,,,,,1
1118,SS1087,SS1087,MEHATWADA,MEHATWADA,0,1,484,True,1,10/14/2020 9:35:02 AM,,,,,,,1
1119,SS1089,SS1089,BUDI BARLAI,BUDI BARLAI,0,1,89,True,1,10/14/2020 9:35:02 AM,,,,,,,1
1120,SS1093,SS1093,MALWA COUNTY,MALWA COUNTY,0,1,151,True,1,10/14/2020 9:35:02 AM,,,,,,,1
1121,SS1097,SS1097,DHARMAHAT,DHARMAHAT,0,1,186,True,1,10/14/2020 9:35:02 AM,,,,,,,1
1122,SS1100,SS1100,GIROTA,GIROTA,0,1,186,True,1,10/14/2020 9:35:02 AM,,,,,,,1
1123,SS1104,SS1104,RUNJI,RUNJI,0,1,188,True,1,10/14/2020 9:35:02 AM,,,,,,,1
1124,SS1119,SS1119,BHAGAVAANIYA,BHAGAVAANIYA,0,1,183,True,1,10/14/2020 9:35:02 AM,,,,,,,1
1125,SS1123,SS1123,DHARAMPURI,DHARAMPURI,0,1,174,True,1,10/14/2020 9:35:02 AM,,,,,,,1
1126,SS1149,SS1149,AGAR,AGAR,0,1,74,True,1,10/14/2020 9:35:02 AM,,1,1,10/11/2021 11:10:31 AM,,,1
1127,SS1163,SS1163,AMBAJA,AMBAJA,0,1,398,True,1,10/14/2020 9:35:02 AM,,,,,,,1
1128,SS1166,SS1166,CHHAKTALA,CHHAKTALA,0,1,398,True,1,10/14/2020 9:35:02 AM,,,,,,,1
1129,SS1173,SS1173,WALPUR,WALPUR,0,1,398,True,1,10/14/2020 9:35:02 AM,,,,,,,1
1130,SS1178,SS1178,JHABUA-T,JHABUA-T,0,1,412,True,1,10/14/2020 9:35:02 AM,,,,,,,1
1131,SS1187,SS1187,KEETKHEDI,KEETKHEDI,0,1,83,True,1,10/14/2020 9:35:02 AM,,,,,,,1
1132,SS12,SS12,SCHEME NO. 136 II,SCHEME NO. 136 II,0,1,201,True,1,10/14/2020 9:35:02 AM,,,,,,,1
1133,SS1218,SS1218,RUDRAKHEDA,RUDRAKHEDA,0,1,384,True,1,10/14/2020 9:35:02 AM,,,,,,,1
1134,SS1227,SS1227,BALAGUDA,BALAGUDA,0,1,276,True,1,10/14/2020 9:35:02 AM,,,,,,,1
1135,SS1231,SS1231,MALHARGARH,MALHARGARH,0,1,273,True,1,10/14/2020 9:35:02 AM,,,,,,,1
1136,SS1234,SS1234,PIPLIYA MANDI,PIPLIYA MANDI,0,1,273,True,1,10/14/2020 9:35:02 AM,,,,,,,1
1137,SS1235,SS1235,PIPLIYA VISNIYA,PIPLIYA VISNIYA,0,1,273,True,1,10/14/2020 9:35:02 AM,,,,,,,1
1138,SS1242,SS1242,KALUHEDA,KALUHEDA,0,1,373,True,1,10/14/2020 9:35:02 AM,,,,,,,1
1139,SS1247,SS1247,AHINSAGRAM,AHINSAGRAM,0,1,316,True,1,10/14/2020 9:35:02 AM,,,,,,,1
1140,SS684,SS684,MITAWAL,MITAWAL,0,1,472,True,1,10/14/2020 9:35:02 AM,,,,,,,1
1141,SS689,SS689,THARWAR,THARWAR,0,1,454,True,1,10/14/2020 9:35:02 AM,,,,,,,1
1142,SS697,SS697,BAIJAGWADA,BAIJAGWADA,0,1,107,True,1,10/14/2020 9:35:02 AM,,,,,,,1
1143,SS7,SS7,ESI HOSPITAL,ESI HOSPITAL,0,1,198,True,1,10/14/2020 9:35:02 AM,,,,,,,1
1144,SS721,SS721,RAMDI,RAMDI,0,1,365,True,1,10/14/2020 9:35:02 AM,,,,,,,1
1145,SS73,SS73,KANJAR,KANJAR,0,1,112,True,1,10/14/2020 9:35:02 AM,,,,,,,1
1146,SS731,SS731,NAHARKHEDI,NAHARKHEDI,0,1,363,True,1,10/14/2020 9:35:02 AM,,,,,,,1
1147,SS733,SS733,SAROLA,SAROLA,0,1,367,True,1,10/14/2020 9:35:02 AM,,,,,,,1
1148,SS735,SS735,BADAGAON,BADAGAON,0,1,80,True,1,10/14/2020 9:35:02 AM,,,,,,,1
1149,SS74,SS74,KARNAWAD,KARNAWAD,0,1,114,True,1,10/14/2020 9:35:02 AM,,,,,,,1
1150,SS744,SS744,BATLAWADI,BATLAWADI,0,1,355,True,1,10/14/2020 9:35:02 AM,,,,,,,1
1151,SS750,SS750,KANWAS,KANWAS,0,1,355,True,1,10/14/2020 9:35:02 AM,,,,,,,1
1152,SS753,SS753,MADAWADA,MADAWADA,0,1,356,True,1,10/14/2020 9:35:02 AM,,,,,,,1
1153,SS764,SS764,GHONSLA,GHONSLA,0,1,383,True,1,10/14/2020 9:35:02 AM,,,,,,,1
1154,SS775,SS775,BHUTIYA,BHUTIYA,0,1,330,True,1,10/14/2020 9:35:02 AM,,,,,,,1
1155,SS801,SS801,RAHIMGARH,RAHIMGARH,0,1,289,True,1,10/14/2020 9:35:02 AM,,,,,,,1
1156,SS81,SS81,NARMADANAGER,NARMADANAGER,0,1,395,True,1,10/14/2020 9:35:02 AM,,,,,,,1
1157,SS827,SS827,GUGHARIYAKHADI,GUGHARIYAKHADI,0,1,468,True,1,10/14/2020 9:35:02 AM,,,,,,,1
1158,SS828,SS828,JAMLI,JAMLI,0,1,476,True,1,10/14/2020 9:35:02 AM,,,,,,,1
1159,SS836,SS836,MOHAMMADPUR,MOHAMMADPUR,0,1,468,True,1,10/14/2020 9:35:02 AM,,,,,,,1
1160,SS839,SS839,NANDGAON,NANDGAON,0,1,479,True,1,10/14/2020 9:35:02 AM,,,,,,,1
1161,SS850,SS850,BHOJAKHEDI,BHOJAKHEDI,0,1,248,True,1,10/14/2020 9:35:02 AM,,,,,,,1
1162,SS855,SS855,GOLWADI,GOLWADI,0,1,482,True,1,10/14/2020 9:35:02 AM,,,,,,,1
1163,SS864,SS864,MHOW TOWN,MHOW TOWN,0,1,175,True,1,10/14/2020 9:35:02 AM,,,,,,,1
1164,SS87,SS87,BHOUNRASA,BHOUNRASA,0,1,93,True,1,10/14/2020 9:35:02 AM,,,,,,,1
1165,SS873,SS873,KHUTPALA,KHUTPALA,0,1,428,True,1,10/14/2020 9:35:02 AM,,,,,,,1
1166,SS883,SS883,KILLOD,KILLOD,0,1,232,True,1,10/14/2020 9:35:02 AM,,,,,,,1
1167,SS89,SS89,KALMA,KALMA,0,1,88,True,1,10/14/2020 9:35:02 AM,,,,,,,1
1168,SS894,SS894,STAR CITY,STAR CITY,0,1,208,True,1,10/14/2020 9:35:02 AM,,,,,,,1
1169,SS897,SS897,KACHALIYA,KACHALIYA,0,1,145,True,1,10/14/2020 9:35:02 AM,,,,,,,1
1170,SS924,SS924,SCHEME NO.155,SCHEME NO.155,0,1,161,True,1,10/14/2020 9:35:02 AM,,,,,,,1
1171,SS925,SS925,SECTER A,SECTER A,0,1,147,True,1,10/14/2020 9:35:02 AM,,,,,,,1
1172,SS93,SS93,PATHAN KUA,PATHAN KUA,0,1,143,True,1,10/14/2020 9:35:02 AM,,,,,,,1
1173,SS951,SS951,RAILWAY RES.,RAILWAY RES.,0,1,156,True,1,10/14/2020 9:35:02 AM,,,,,,,1
1174,SS956,SS956,SC.NO. 134,SC.NO. 134,0,1,155,True,1,10/14/2020 9:35:02 AM,,,,,,,1
1175,SS96,SS96,SIYA,SIYA,0,1,88,True,1,10/14/2020 9:35:02 AM,,,,,,,1
1176,SS964,SS964,VISTARA,VISTARA,0,1,150,True,1,10/14/2020 9:35:02 AM,,,,,,,1
1177,SS965,SS965,BALGARH,BALGARH,0,1,86,True,1,10/14/2020 9:35:02 AM,,,,,,,1
1178,SS966,SS966,RASULPUR,RASULPUR,0,1,86,True,1,10/14/2020 9:35:02 AM,,,,,,,1
1179,SS973,SS973,NANASA (TAKLIKHEDA),NANASA (TAKLIKHEDA),0,1,103,True,1,10/14/2020 9:35:02 AM,,,,,,,1
1180,SS974,SS974,OLAMBA,OLAMBA,0,1,102,True,1,10/14/2020 9:35:02 AM,,,,,,,1
1181,SS992,SS992,PALSODA,PALSODA,0,1,286,True,1,10/14/2020 9:35:02 AM,,,,,,,1
1182,SS993,SS993,REVLI-DEVLI,REVLI-DEVLI,0,1,286,True,1,10/14/2020 9:35:02 AM,,,,,,,1
1183,Sub_HT_3424800,Sub_HT_3424800,220 PITHAMPUR3,220 PITHAMPUR3,0,1,195,True,1,10/14/2020 9:35:02 AM,,,,,,,1
1184,Sub_HT_3474400,Sub_HT_3474400,MALHARGARH_HT_Substation,MALHARGARH_HT_Substation,0,1,273,True,1,10/14/2020 9:35:02 AM,,,,,,,1
1185,Sub_HT_3474600,Sub_HT_3474600,SITAMAU_HT_Substation,SITAMAU_HT_Substation,0,1,295,True,1,10/14/2020 9:35:02 AM,,,,,,,1
1186,Sub_HT_3615100,Sub_HT_3615100,MAHIDPUR (O&M)_HT_Substation,MAHIDPUR (O&M)_HT_Substation,0,1,380,True,1,10/14/2020 9:35:02 AM,,,,,,,1
1187,Sub_HT_3634300,Sub_HT_3634300,DHAR (O&M)_HT_Substation,DHAR (O&M)_HT_Substation,0,1,403,True,1,10/14/2020 9:35:02 AM,,,,,,,1
1188,Sub_HT_3634400,Sub_HT_3634400,JHABUA (O&M)_HT_Substation,JHABUA (O&M)_HT_Substation,0,1,412,True,1,10/14/2020 9:35:02 AM,,,,,,,1
1189,Sub_HT_3634500,Sub_HT_3634500,RAJGARH_HT_Substation,RAJGARH_HT_Substation,0,1,424,True,1,10/14/2020 9:35:02 AM,,,,,,,1
1190,Sub_HT_3634600,Sub_HT_3634600,MANAWAR_HT_Substation,MANAWAR_HT_Substation,0,1,432,True,1,10/14/2020 9:35:02 AM,,,,,,,1
1191,Sub_HT_3644300,Sub_HT_3644300,BARWANI_HT_Substation,BARWANI_HT_Substation,0,1,455,True,1,10/14/2020 9:35:02 AM,,,,,,,1
1192,SS488,SS488,NILKANTH,NILKANTH,0,1,449,True,1,10/14/2020 9:35:02 AM,,,,,,,1
1193,SS489,SS489,RODIYA,RODIYA,0,1,449,True,1,10/14/2020 9:35:02 AM,,,,,,,1
1194,SS496,SS496,DHATURIYA,DHATURIYA,0,1,145,True,1,10/14/2020 9:35:02 AM,,,,,,,1
1195,SS498,SS498,LOTUS PARK,LOTUS PARK,0,1,147,True,1,10/14/2020 9:35:02 AM,,,,,,,1
1196,SS499,SS499,PREMIUM PARK,PREMIUM PARK,0,1,147,True,1,10/14/2020 9:35:02 AM,,,,,,,1
1197,SS51,SS51,KHAMLAY,KHAMLAY,0,1,136,True,1,10/14/2020 9:35:02 AM,,,,,,,1
1198,SS512,SS512,CHITA KHEDA,CHITA KHEDA,0,1,285,True,1,10/14/2020 9:35:02 AM,,,,,,,1
1199,SS514,SS514,DHANERIYA,DHANERIYA,0,1,284,True,1,10/14/2020 9:35:02 AM,,,,,,,1
1200,SS52,SS52,POCHANER,POCHANER,0,1,136,True,1,10/14/2020 9:35:02 AM,,,,,,,1
1201,SS521,SS521,KELUKHEDA,KELUKHEDA,0,1,304,True,1,10/14/2020 9:35:02 AM,,,,,,,1
1202,SS544,SS544,AMLA,AMLA,0,1,346,True,1,10/14/2020 9:35:02 AM,,,,,,,1
1203,SS547,SS547,BARNAGAR,BARNAGAR,0,1,346,True,1,10/14/2020 9:35:02 AM,,,,,,,1
1204,SS573,SS573,GUJARBARDIYA,GUJARBARDIYA,0,1,266,True,1,10/14/2020 9:35:02 AM,,,,,,,1
1205,SS574,SS574,JAGGAKHEDI(M),JAGGAKHEDI(M),0,1,263,True,1,10/14/2020 9:35:02 AM,,,,,,,1
1206,SS58,SS58,DHULKOT,DHULKOT,0,1,221,True,1,10/14/2020 9:35:02 AM,,,,,,,1
1207,SS583,SS583,RISHIYANAND,RISHIYANAND,0,1,262,True,1,10/14/2020 9:35:02 AM,,,,,,,1
1208,SS585,SS585,BHAYANA JADHOPUR,BHAYANA JADHOPUR,0,1,139,True,1,10/14/2020 9:35:02 AM,,,,,,,1
1209,SS601,SS601,FULGAWADI,FULGAWADI,0,1,425,True,1,10/14/2020 9:35:02 AM,,,,,,,1
1210,SS603,SS603,HATOD,HATOD,0,1,430,True,1,10/14/2020 9:35:02 AM,,,,,,,1
1211,SS604,SS604,NARWALI,NARWALI,0,1,394,True,1,10/14/2020 9:35:02 AM,,,,,,,1
1212,SS612,SS612,CHHALPA KHURD,CHHALPA KHURD,0,1,226,True,1,10/14/2020 9:35:02 AM,,,,,,,1
1213,SS623,SS623,PADILYA,PADILYA,0,1,238,True,1,10/14/2020 9:35:02 AM,,,,,,,1
1214,SS627,SS627,RUDHI,RUDHI,0,1,234,True,1,10/14/2020 9:35:02 AM,,,,,,,1
1215,SS63,SS63,SIRPUR,SIRPUR,0,1,234,True,1,10/14/2020 9:35:02 AM,,,,,,,1
1216,SS632,SS632,TULJA VIHAR,TULJA VIHAR,0,1,243,True,1,10/14/2020 9:35:02 AM,,,,,,,1
1217,SS64,SS64,TAKLIKALAN,TAKLIKALAN,0,1,246,True,1,10/14/2020 9:35:02 AM,,,,,,,1
1218,SS640,SS640,RATANKHEDI,RATANKHEDI,0,1,98,True,1,10/14/2020 9:35:02 AM,,,,,,,1
1219,SS641,SS641,GUDI,GUDI,0,1,230,True,1,10/14/2020 9:35:02 AM,,,,,,,1
1220,SS671,SS671,KANWAN,KANWAN,0,1,441,True,1,10/14/2020 9:35:02 AM,,,,,,,1
1221,SS672,SS672,KHAJURIYA,KHAJURIYA,0,1,441,True,1,10/14/2020 9:35:02 AM,,,,,,,1
1222,SS674,SS674,NAGDA,NAGDA,0,1,441,True,1,10/14/2020 9:35:02 AM,,,,,,,1
1223,SS676,SS676,PALWADA,PALWADA,0,1,441,True,1,10/14/2020 9:35:02 AM,,,,,,,1
1224,SS680,SS680,MANKUND,MANKUND,0,1,115,True,1,10/14/2020 9:35:02 AM,,,,,,,1
1225,SS690,SS690,BALARIYA,BALARIYA,0,1,146,True,1,10/14/2020 9:35:02 AM,,,,,,,1
1226,SS694,SS694,PANCHOLA,PANCHOLA,0,1,146,True,1,10/14/2020 9:35:02 AM,,,,,,,1
1227,SS703,SS703,PIPALKOTA,PIPALKOTA,0,1,104,True,1,10/14/2020 9:35:02 AM,,,,,,,1
1228,SS704,SS704,POKHAR BUJURG,POKHAR BUJURG,0,1,107,True,1,10/14/2020 9:35:02 AM,,,,,,,1
1229,SS705,SS705,SATWAS,SATWAS,0,1,103,True,1,10/14/2020 9:35:02 AM,,,,,,,1
1230,SS711,SS711,JIYAGAON,JIYAGAON,0,1,104,True,1,10/14/2020 9:35:02 AM,,,,,,,1
1231,SS714,SS714,KOLARI,KOLARI,0,1,101,True,1,10/14/2020 9:35:02 AM,,,,,,,1
1232,SS720,SS720,NANDED,NANDED,0,1,364,True,1,10/14/2020 9:35:02 AM,,,,,,,1
1233,SS723,SS723,KACHNARIYA,KACHNARIYA,0,1,363,True,1,10/14/2020 9:35:02 AM,,,,,,,1
1234,SS728,SS728,KHARPA,KHARPA,0,1,367,True,1,10/14/2020 9:35:02 AM,,,,,,,1
1235,SS732,SS732,RUPAKHEDI,RUPAKHEDI,0,1,368,True,1,10/14/2020 9:35:02 AM,,,,,,,1
1236,SS736,SS736,DHAROLA,DHAROLA,0,1,80,True,1,10/14/2020 9:35:02 AM,,,,,,,1
1237,SS737,SS737,GONDALMAU,GONDALMAU,0,1,80,True,1,10/14/2020 9:35:02 AM,,,,,,,1
1238,SS740,SS740,LATURI UMATH,LATURI UMATH,0,1,80,True,1,10/14/2020 9:35:02 AM,,,,,,,1
1239,SS741,SS741,NALKHEDA,NALKHEDA,0,1,80,True,1,10/14/2020 9:35:02 AM,,,,,,,1
1240,SS749,SS749,KAMTHANA,KAMTHANA,0,1,357,True,1,10/14/2020 9:35:02 AM,,,,,,,1
1241,SS759,SS759,CHITARKHEDI,CHITARKHEDI,0,1,370,True,1,10/14/2020 9:35:02 AM,,,,,,,1
1242,SS761,SS761,DHABLAGORI,DHABLAGORI,0,1,370,True,1,10/14/2020 9:35:02 AM,,,,,,,1
1243,SS767,SS767,NAJARPUR,NAJARPUR,0,1,370,True,1,10/14/2020 9:35:02 AM,,,,,,,1
1244,SS771,SS771,ALOT,ALOT,0,1,329,True,1,10/14/2020 9:35:02 AM,,,,,,,1
1245,SS782,SS782,PATAN,PATAN,0,1,330,True,1,10/14/2020 9:35:02 AM,,,,,,,1
1246,SS796,SS796,DHALPAT,DHALPAT,0,1,292,True,1,10/14/2020 9:35:02 AM,,,,,,,1
1247,SS798,SS798,KOTDA BAHADUR,KOTDA BAHADUR,0,1,292,True,1,10/14/2020 9:35:02 AM,,,,,,,1
1248,SS806,SS806,TARNOD,TARNOD,0,1,293,True,1,10/14/2020 9:35:02 AM,,,,,,,1
1249,SS809,SS809,BEHRAWAL,BEHRAWAL,0,1,132,True,1,10/14/2020 9:35:02 AM,,,,,,,1
1250,SS815,SS815,KABARWA,KABARWA,0,1,434,True,1,10/14/2020 9:35:02 AM,,,,,,,1
1251,SS818,SS818,BALAKWADA,BALAKWADA,0,1,483,True,1,10/14/2020 9:35:02 AM,,,,,,,1
1252,SS819,SS819,BAMKHAL,BAMKHAL,0,1,421,True,1,10/14/2020 9:35:02 AM,,,,,,,1
1253,SS84,SS84,NAGJHIRI,NAGJHIRI,0,1,89,True,1,10/14/2020 9:35:02 AM,,,,,,,1
1254,SS849,SS849,AHMEDPUR,AHMEDPUR,0,1,234,True,1,10/14/2020 9:35:02 AM,,,,,,,1
1255,SS852,SS852,DHANGAON,DHANGAON,0,1,227,True,1,10/14/2020 9:35:02 AM,,,,,,,1
1256,SS862,SS862,KHURDEE,KHURDEE,0,1,179,True,1,10/14/2020 9:35:02 AM,,,,,,,1
1257,SS869,SS869,BOLA,BOLA,0,1,425,True,1,10/14/2020 9:35:02 AM,,,,,,,1
1258,SS871,SS871,DATTIGAON,DATTIGAON,0,1,429,True,1,10/14/2020 9:35:02 AM,,,,,,,1
1259,SS874,SS874,LABRIYA,LABRIYA,0,1,425,True,1,10/14/2020 9:35:02 AM,,,,,,,1
1260,SS890,SS890,HOUSING BOARD,HOUSING BOARD,0,1,208,True,1,10/14/2020 9:35:02 AM,,,,,,,1
1261,SS896,SS896,AJNOD,AJNOD,0,1,145,True,1,10/14/2020 9:35:02 AM,,,,,,,1
1262,SS903,SS903,BAJAJ TEMPO,BAJAJ TEMPO,0,1,181,True,1,10/14/2020 9:35:02 AM,,,,,,,1
1263,SS906,SS906,GAWLA,GAWLA,0,1,190,True,1,10/14/2020 9:35:02 AM,,,,,,,1
1264,SS91,SS91,NEW DEWAS,NEW DEWAS,0,1,88,True,1,10/14/2020 9:35:02 AM,,,,,,,1
1265,SS914,SS914,HATOD,HATOD,0,1,189,True,1,10/14/2020 9:35:02 AM,,,,,,,1
1266,SS927,SS927,SECTOR C,SECTOR C,0,1,197,True,1,10/14/2020 9:35:02 AM,,,,,,,1
1267,SS955,SS955,SC NO. 140 II,SC NO. 140 II,0,1,160,True,1,10/14/2020 9:35:02 AM,,,,,,,1
1268,SS959,SS959,SHALIMAR TOWNSHIP,SHALIMAR TOWNSHIP,0,1,155,True,1,10/14/2020 9:35:02 AM,,,,,,,1
1269,SS962,SS962,VANDANA NAGAR,VANDANA NAGAR,0,1,156,True,1,10/14/2020 9:35:02 AM,,,,,,,1
1270,SS969,SS969,DOKAKUII,DOKAKUII,0,1,103,True,1,10/14/2020 9:35:02 AM,,,,,,,1
1271,SS97,SS97,SR. POWER HOUSE,SR. POWER HOUSE,0,1,143,True,1,10/14/2020 9:35:02 AM,,,,,,,1
1272,SS976,SS976,PIPLANI,PIPLANI,0,1,103,True,1,10/14/2020 9:35:02 AM,,,,,,,1
1273,SS982,SS982,BUS-STAND,BUS-STAND,0,1,282,True,1,10/14/2020 9:35:02 AM,,,,,,,1
1274,SS989,SS989,KHETAKHEDA,KHETAKHEDA,0,1,286,True,1,10/14/2020 9:35:02 AM,,,,,,,1
1275,Sub_HT_3364400,Sub_HT_3364400,DEWAS(O&M)_HT_Substation,DEWAS(O&M)_HT_Substation,0,1,86,True,1,10/14/2020 9:35:02 AM,,,,,,,1
1276,Sub_HT_3365100,Sub_HT_3365100,SHUJALPUR_HT_Substation,SHUJALPUR_HT_Substation,0,1,139,True,1,10/14/2020 9:35:02 AM,,,,,,,1
1277,Sub_HT_3424600,Sub_HT_3424600,MHOW (O&M)_HT_Substation,MHOW (O&M)_HT_Substation,0,1,181,True,1,10/14/2020 9:35:02 AM,,,,,,,1
1278,Sub_HT_3425000,Sub_HT_3425000,220 KV NORTH ZONE,220 KV NORTH ZONE,0,1,204,True,1,10/14/2020 9:35:02 AM,,,,,,,1
1279,Sub_HT_3434400,Sub_HT_3434400,220 KV NORTH ZONE,220 KV NORTH ZONE,0,1,161,True,1,10/14/2020 9:35:02 AM,,,,,,,1
1280,Sub_HT_3464400,Sub_HT_3464400,132 KV BAHADARPUR,132 KV BAHADARPUR,0,1,212,True,1,10/14/2020 9:35:02 AM,,,,,,,1
1281,Sub_HT_3474300,Sub_HT_3474300,MANDSAUR (O&M)_HT_Substation,MANDSAUR (O&M)_HT_Substation,0,1,262,True,1,10/14/2020 9:35:02 AM,,,,,,,1
1282,Sub_HT_3614700,Sub_HT_3614700,TARANA (O&M)_HT_Substation,TARANA (O&M)_HT_Substation,0,1,362,True,1,10/14/2020 9:35:02 AM,,,,,,,1
1283,Sub_HT_3634100,Sub_HT_3634100,KUKSHI_HT_Substation,KUKSHI_HT_Substation,0,1,390,True,1,10/14/2020 9:35:02 AM,,,,,,,1
1284,Sub_HT_3645100,Sub_HT_3645100,SENDHWA_HT_Substation,SENDHWA_HT_Substation,0,1,498,True,1,10/14/2020 9:35:02 AM,,,,,,,1
1285,SS813,SS813,UGLI,UGLI,0,1,132,True,1,10/14/2020 9:35:02 AM,,,,,,,1
1286,SS822,SS822,BHESAWAD,BHESAWAD,0,1,483,True,1,10/14/2020 9:35:02 AM,,,,,,,1
1287,SS842,SS842,POKHAR,POKHAR,0,1,478,True,1,10/14/2020 9:35:02 AM,,,,,,,1
1288,SS846,SS846,SILOTIYA,SILOTIYA,0,1,473,True,1,10/14/2020 9:35:02 AM,,,,,,,1
1289,SS847,SS847,THIBGAON,THIBGAON,0,1,469,True,1,10/14/2020 9:35:02 AM,,,,,,,1
1290,SS853,SS853,MALGAON,MALGAON,0,1,247,True,1,10/14/2020 9:35:02 AM,,,,,,,1
1291,SS863,SS863,MANPUR,MANPUR,0,1,179,True,1,10/14/2020 9:35:02 AM,,,,,,,1
1292,SS870,SS870,DASAI,DASAI,0,1,406,True,1,10/14/2020 9:35:02 AM,,,,,,,1
1293,SS88,SS88,JAMGOD,JAMGOD,0,1,88,True,1,10/14/2020 9:35:02 AM,,,,,,,1
1294,SS882,SS882,GHAMBIR,GHAMBIR,0,1,232,True,1,10/14/2020 9:35:02 AM,,,,,,,1
1295,SS885,SS885,MALGAON,MALGAON,0,1,493,True,1,10/14/2020 9:35:02 AM,,,,,,,1
1296,SS887,SS887,HARI FATAK,HARI FATAK,0,1,176,True,1,10/14/2020 9:35:02 AM,,,,,,,1
1297,SS889,SS889,HARSOLA,HARSOLA,0,1,176,True,1,10/14/2020 9:35:02 AM,,,,,,,1
1298,SS9,SS9,M.P.S.R.T.C.,M.P.S.R.T.C.,0,1,198,True,1,10/14/2020 9:35:02 AM,,,,,,,1
1299,SS902,SS902,ARIHANT NAGAR,ARIHANT NAGAR,0,1,181,True,1,10/14/2020 9:35:02 AM,,,,,,,1
1300,SS905,SS905,EICHER (COLONY),EICHER (COLONY),0,1,195,True,1,10/14/2020 9:35:02 AM,,,,,,,1
1301,SS910,SS910,TIHI,TIHI,0,1,181,True,1,10/14/2020 9:35:02 AM,,,,,,,1
1302,SS915,SS915,KABIT KHEDI,KABIT KHEDI,0,1,198,True,1,10/14/2020 9:35:02 AM,,,,,,,1
1303,SS917,SS917,PALIYA,PALIYA,0,1,191,True,1,10/14/2020 9:35:02 AM,,,,,,,1
1304,SS928,SS928,SECTOR E,SECTOR E,0,1,197,True,1,10/14/2020 9:35:02 AM,,,,,,,1
1305,SS940,SS940,DUDHIYA,DUDHIYA,0,1,148,True,1,10/14/2020 9:35:02 AM,,,,,,,1
1306,SS942,SS942,GOYAL NAGAR,GOYAL NAGAR,0,1,159,True,1,10/14/2020 9:35:02 AM,,,,,,,1
1307,SS946,SS946,KEH,KEH,0,1,156,True,1,10/14/2020 9:35:02 AM,,,,,,,1
1308,SS967,SS967,BIJWAD,BIJWAD,0,1,103,True,1,10/14/2020 9:35:02 AM,,,,,,,1
1309,SS972,SS972,KUSMANIYA,KUSMANIYA,0,1,103,True,1,10/14/2020 9:35:02 AM,,,,,,,1
1310,SS975,SS975,PATRANI,PATRANI,0,1,105,True,1,10/14/2020 9:35:02 AM,,,,,,,1
1311,SS978,SS978,VIKRAMPUR,VIKRAMPUR,0,1,103,True,1,10/14/2020 9:35:02 AM,,,,,,,1
1312,SS985,SS985,HANMANTIYA PAWAR,HANMANTIYA PAWAR,0,1,286,True,1,10/14/2020 9:35:02 AM,,,,,,,1
1313,SS986,SS986,HARKIYAKHAL,HARKIYAKHAL,0,1,283,True,1,10/14/2020 9:35:02 AM,,,,,,,1
1314,SS990,SS990,KILESHWAR GATE,KILESHWAR GATE,0,1,282,True,1,10/14/2020 9:35:02 AM,,,,,,,1
1315,SS991,SS991,NEEMUCH(CRPF),NEEMUCH(CRPF),0,1,282,True,1,10/14/2020 9:35:02 AM,,,,,,,1
1316,SS997,SS997,SEMLI-CHNDRAWAT,SEMLI-CHNDRAWAT,0,1,283,True,1,10/14/2020 9:35:02 AM,,,,,,,1
1317,Sub_HT_3363300,Sub_HT_3363300,SUSNER (O&M)_HT_Substation,SUSNER (O&M)_HT_Substation,0,1,83,True,1,10/14/2020 9:35:02 AM,,,,,,,1
1318,Sub_HT_3424200,Sub_HT_3424200,INDORE (O&M)_HT_Substation,INDORE (O&M)_HT_Substation,0,1,209,True,1,10/14/2020 9:35:02 AM,,,,,,,1
1319,Sub_HT_3424300,Sub_HT_3424300,132KV SATYASAI,132KV SATYASAI,0,1,157,True,1,10/14/2020 9:35:02 AM,,,,,,,1
1320,Sub_HT_3424900,Sub_HT_3424900,220 KV NORTH ZONE,220 KV NORTH ZONE,0,1,197,True,1,10/14/2020 9:35:02 AM,,,,,,,1
1321,Sub_HT_3474500,Sub_HT_3474500,NEEMUCH (O&M)_HT_Substation,NEEMUCH (O&M)_HT_Substation,0,1,282,True,1,10/14/2020 9:35:02 AM,,,,,,,1
1322,Sub_HT_3524500,Sub_HT_3524500,JAORA (O&M)_HT_Substation,JAORA (O&M)_HT_Substation,0,1,319,True,1,10/14/2020 9:35:02 AM,,,,,,,1
1323,Sub_HT_3524700,Sub_HT_3524700,ALOTE (O&M)_HT_Substation,ALOTE (O&M)_HT_Substation,0,1,329,True,1,10/14/2020 9:35:02 AM,,,,,,,1
1324,Sub_HT_3525100,Sub_HT_3525100,RATLAM (O&M)_HT_Substation,RATLAM (O&M)_HT_Substation,0,1,335,True,1,10/14/2020 9:35:02 AM,,,,,,,1
1325,Sub_HT_3644600,Sub_HT_3644600,132KV KASRAWAD,132KV KASRAWAD,0,1,466,True,1,10/14/2020 9:35:02 AM,,,,,,,1
1326,Sub_HT_3644700,Sub_HT_3644700,132KV NIMRANI,132KV NIMRANI,0,1,477,True,1,10/14/2020 9:35:02 AM,,,,,,,1
1327,SS1264,SS1264,PRITAM NAGAR,PRITAM NAGAR,0,1,335,True,1,10/14/2020 9:35:02 AM,,,,,,,1
1328,SS127,SS127,RUDRAKSHA,RUDRAKSHA,0,1,146,True,1,10/14/2020 9:35:02 AM,,,,,,,1
1329,SS1283,SS1283,NIMANDAD,NIMANDAD,0,1,217,True,1,10/14/2020 9:35:02 AM,,,,,,,1
1330,SS1286,SS1286,SAROLA,SAROLA,0,1,221,True,1,10/14/2020 9:35:02 AM,,,,,,,1
1331,SS1289,SS1289,SHIKARPURA,SHIKARPURA,0,1,212,True,1,10/14/2020 9:35:02 AM,,,,,,,1
1332,SS1291,SS1291,BHANGAON,BHANGAON,0,1,493,True,1,10/14/2020 9:35:02 AM,,,,,,,1
1333,SS1294,SS1294,MAKDKHADA,MAKDKHADA,0,1,488,True,1,10/14/2020 9:35:02 AM,,,,,,,1
1334,SS1299,SS1299,BHAWATI,BHAWATI,0,1,456,True,1,10/14/2020 9:35:02 AM,,,,,,,1
1335,SS1310,SS1310,REHGUN,REHGUN,0,1,456,True,1,10/14/2020 9:35:02 AM,,,,,,,1
1336,SS1327,SS1327,ANJAD-T,ANJAD-T,0,1,457,True,1,10/14/2020 9:35:02 AM,,,,,,,1
1337,SS1328,SS1328,ANJANGAON,ANJANGAON,0,1,464,True,1,10/14/2020 9:35:02 AM,,,,,,,1
1338,SS1332,SS1332,KHAMKHEDA,KHAMKHEDA,0,1,493,True,1,10/14/2020 9:35:02 AM,,,,,,,1
1339,SS1338,SS1338,TAALWADA BUJ.,TAALWADA BUJ.,0,1,458,True,1,10/14/2020 9:35:02 AM,,,,,,,1
1340,SS134,SS134,BIJALPUR,BIJALPUR,0,1,170,True,1,10/14/2020 9:35:02 AM,,,,,,,1
1341,SS1349,SS1349,BABAI,BABAI,0,1,96,True,1,10/14/2020 9:35:02 AM,,,,,,,1
1342,SS1357,SS1357,PHAWDA,PHAWDA,0,1,97,True,1,10/14/2020 9:35:02 AM,,,,,,,1
1343,SS1370,SS1370,SIRALI,SIRALI,0,1,464,True,1,10/14/2020 9:35:02 AM,,,,,,,1
1344,SS1378,SS1378,HAJRATPUR,HAJRATPUR,0,1,406,True,1,10/14/2020 9:35:02 AM,,,,,,,1
1345,SS1380,SS1380,KAILASH NAGAR,KAILASH NAGAR,0,1,403,True,1,10/14/2020 9:35:02 AM,,,,,,,1
1346,SS1382,SS1382,NARAYANPURA,NARAYANPURA,0,1,408,True,1,10/14/2020 9:35:02 AM,,,,,,,1
1347,SS1385,SS1385,PADLIYA,PADLIYA,0,1,404,True,1,10/14/2020 9:35:02 AM,,,,,,,1
1348,SS1387,SS1387,SUNARKHEDI,SUNARKHEDI,0,1,404,True,1,10/14/2020 9:35:02 AM,,,,,,,1
1349,SS140,SS140,KARBALA,KARBALA,0,1,168,True,1,10/14/2020 9:35:02 AM,,,,,,,1
1350,SS1401,SS1401,SARANGI,SARANGI,0,1,422,True,1,10/14/2020 9:35:02 AM,,,,,,,1
1351,SS1403,SS1403,BOLASA,BOLASA,0,1,414,True,1,10/14/2020 9:35:02 AM,,,,,,,1
1352,SS1414,SS1414,RUDAHEDA,RUDAHEDA,0,1,370,True,1,10/14/2020 9:35:02 AM,,,,,,,1
1353,SS143,SS143,MANORAMAGANJ,MANORAMAGANJ,0,1,156,True,1,10/14/2020 9:35:02 AM,,,,,,,1
1354,SS1430,SS1430,BEDAWAN,BEDAWAN,0,1,360,True,1,10/14/2020 9:35:02 AM,,,,,,,1
1355,SS1434,SS1434,DHARIWAL,DHARIWAL,0,1,359,True,1,10/14/2020 9:35:02 AM,,,,,,,1
1356,SS1437,SS1437,KALSI,KALSI,0,1,358,True,1,10/14/2020 9:35:02 AM,,,,,,,1
1357,SS1440,SS1440,RUPAKHEDI,RUPAKHEDI,0,1,90,True,1,10/14/2020 9:35:02 AM,,,,,,,1
1358,SS145,SS145,MOROD,MOROD,0,1,154,True,1,10/14/2020 9:35:02 AM,,,,,,,1
1359,SS154,SS154,PALDA NAKA,PALDA NAKA,0,1,167,True,1,10/14/2020 9:35:02 AM,,,,,,,1
1360,SS161,SS161,SAIFFY NAGAR,SAIFFY NAGAR,0,1,166,True,1,10/14/2020 9:35:02 AM,,,,,,,1
1361,SS171,SS171,MEGHANAGAR,MEGHANAGAR,0,1,417,True,1,10/14/2020 9:35:02 AM,,,,,,,1
1362,SS180,SS180,KHAJRANA,KHAJRANA,0,1,157,True,1,10/14/2020 9:35:02 AM,,,,,,,1
1363,SS188,SS188,ASAWATA,ASAWATA,0,1,331,True,1,10/14/2020 9:35:02 AM,,,,,,,1
1364,SS190,SS190,LASUDIYA SURAJMAL,LASUDIYA SURAJMAL,0,1,328,True,1,10/14/2020 9:35:02 AM,,,,,,,1
1365,SS209,SS209,PANCHEWA,PANCHEWA,0,1,321,True,1,10/14/2020 9:35:02 AM,,,,,,,1
1366,SS223,SS223,DHOSWAS,DHOSWAS,0,1,337,True,1,10/14/2020 9:35:02 AM,,,,,,,1
1367,SS227,SS227,SHIVGRAH,SHIVGRAH,0,1,338,True,1,10/14/2020 9:35:02 AM,,,,,,,1
1368,SS230,SS230,AZAD NAGAR,AZAD NAGAR,0,1,212,True,1,10/14/2020 9:35:02 AM,,,,,,,1
1369,SS234,SS234,ICHHAPUR,ICHHAPUR,0,1,216,True,1,10/14/2020 9:35:02 AM,,,,,,,1
1370,SS236,SS236,KHAMNI,KHAMNI,0,1,218,True,1,10/14/2020 9:35:02 AM,,,,,,,1
1371,SS242,SS242,SHANWARA,SHANWARA,0,1,241,True,1,10/14/2020 9:35:02 AM,,,,,,,1
1372,SS263,SS263,GHATWA,GHATWA,0,1,461,True,1,10/14/2020 9:35:02 AM,,,,,,,1
1373,SS265,SS265,THIKRI,THIKRI,0,1,462,True,1,10/14/2020 9:35:02 AM,,,,,,,1
1374,SS271,SS271,NALCHHA,NALCHHA,0,1,410,True,1,10/14/2020 9:35:02 AM,,,,,,,1
1375,SS273,SS273,DOUBLE CHOWKI,DOUBLE CHOWKI,0,1,87,True,1,10/14/2020 9:35:02 AM,,,,,,,1
1376,SS3035,SS3035,MATLI,MATLI,0,1,503,True,1,10/14/2020 9:35:02 AM,,,,,,,1
1377,SS3038,SS3038,POKHER,POKHER,0,1,464,True,1,10/14/2020 9:35:02 AM,,,,,,,1
1378,SS3040,SS3040,PALASIYA,PALASIYA,0,1,144,True,1,10/14/2020 9:35:02 AM,,,,,,,1
1379,SS3047,SS3047,KESODA,KESODA,0,1,255,True,1,10/14/2020 9:35:02 AM,,,,,,,1
1380,SS3050,SS3050,SHAKARGAON,SHAKARGAON,0,1,467,True,1,10/14/2020 9:35:02 AM,,,,,,,1
1381,SS3055,SS3055,BHAMAKHEDI,BHAMAKHEDI,0,1,438,True,1,10/14/2020 9:35:02 AM,,,,,,,1
1382,SS310,SS310,ROOPAKHEDI,ROOPAKHEDI,0,1,89,True,1,10/14/2020 9:35:02 AM,,,,,,,1
1383,SS311,SS311,SINGAWDA,SINGAWDA,0,1,88,True,1,10/14/2020 9:35:02 AM,,,,,,,1
1384,SS315,SS315,GURADIYA,GURADIYA,0,1,76,True,1,10/14/2020 9:35:02 AM,,,,,,,1
1385,SS327,SS327,BORKHEDA BHALLA,BORKHEDA BHALLA,0,1,375,True,1,10/14/2020 9:35:02 AM,,,,,,,1
1386,SS34,SS34,GARODA,GARODA,0,1,270,True,1,10/14/2020 9:35:02 AM,,,,,,,1
1387,SS340,SS340,BAGHPURA,BAGHPURA,0,1,306,True,1,10/14/2020 9:35:02 AM,,,,,,,1
1388,SS343,SS343,FUSARIYA,FUSARIYA,0,1,299,True,1,10/14/2020 9:35:02 AM,,,,,,,1
1389,SS345,SS345,KADWASA,KADWASA,0,1,300,True,1,10/14/2020 9:35:02 AM,,,,,,,1
1390,SS351,SS351,SINGOLI,SINGOLI,0,1,299,True,1,10/14/2020 9:35:02 AM,,,,,,,1
1391,SS352,SS352,UMMED PURA,UMMED PURA,0,1,298,True,1,10/14/2020 9:35:02 AM,,,,,,,1
1392,SS354,SS354,BHAN PURA,BHAN PURA,0,1,254,True,1,10/14/2020 9:35:02 AM,,,,,,,1
1393,SS367,SS367,GAROTH,GAROTH,0,1,250,True,1,10/14/2020 9:35:02 AM,,,,,,,1
1394,SS368,SS368,HATUNIYA,HATUNIYA,0,1,259,True,1,10/14/2020 9:35:02 AM,,,,,,,1
1395,SS37,SS37,KARJU,KARJU,0,1,270,True,1,10/14/2020 9:35:02 AM,,,,,,,1
1396,SS38,SS38,KHAJURIYA SARANG,KHAJURIYA SARANG,0,1,269,True,1,10/14/2020 9:35:02 AM,,,,,,,1
1397,SS386,SS386,BHAMORI,BHAMORI,0,1,394,True,1,10/14/2020 9:35:02 AM,,,,,,,1
1398,SS387,SS387,BHAWARIYA,BHAWARIYA,0,1,392,True,1,10/14/2020 9:35:02 AM,,,,,,,1
1399,SS391,SS391,DHOLIYA,DHOLIYA,0,1,390,True,1,10/14/2020 9:35:02 AM,,,,,,,1
1400,SS392,SS392,DOGAVA,DOGAVA,0,1,392,True,1,10/14/2020 9:35:02 AM,,,,,,,1
1401,SS398,SS398,RAMPURA,RAMPURA,0,1,390,True,1,10/14/2020 9:35:02 AM,,,,,,,1
1402,SS409,SS409,GULATI,GULATI,0,1,432,True,1,10/14/2020 9:35:02 AM,,,,,,,1
1403,SS410,SS410,JEERABAD,JEERABAD,0,1,434,True,1,10/14/2020 9:35:02 AM,,,,,,,1
1404,SS411,SS411,JHAPADI,JHAPADI,0,1,433,True,1,10/14/2020 9:35:02 AM,,,,,,,1
1405,SS412,SS412,KALWANI,KALWANI,0,1,408,True,1,10/14/2020 9:35:02 AM,,,,,,,1
1406,SS421,SS421,SONDUL,SONDUL,0,1,431,True,1,10/14/2020 9:35:02 AM,,,,,,,1
1407,SS422,SS422,TAWALI,TAWALI,0,1,436,True,1,10/14/2020 9:35:02 AM,,,,,,,1
1408,SS427,SS427,DEOLI,DEOLI,0,1,99,True,1,10/14/2020 9:35:02 AM,,,,,,,1
1409,SS441,SS441,CHIRIYA,CHIRIYA,0,1,471,True,1,10/14/2020 9:35:02 AM,,,,,,,1
1410,SS443,SS443,GORADIYA,GORADIYA,0,1,465,True,1,10/14/2020 9:35:02 AM,,,,,,,1
1411,SS462,SS462,UDAINAGAR,UDAINAGAR,0,1,117,True,1,10/14/2020 9:35:02 AM,,,,,,,1
1412,SS487,SS487,KANAPUR,KANAPUR,0,1,450,True,1,10/14/2020 9:35:02 AM,,,,,,,1
1413,SS490,SS490,SANAWAD,SANAWAD,0,1,227,True,1,10/14/2020 9:35:02 AM,,,,,,,1
1414,SS491,SS491,ALWASA,ALWASA,0,1,147,True,1,10/14/2020 9:35:02 AM,,,,,,,1
1415,SS50,SS50,FARAD,FARAD,0,1,135,True,1,10/14/2020 9:35:02 AM,,,,,,,1
1416,SS513,SS513,DARUKHEDA,DARUKHEDA,0,1,284,True,1,10/14/2020 9:35:02 AM,,,,,,,1
1417,SS522,SS522,MORWAN,MORWAN,0,1,301,True,1,10/14/2020 9:35:02 AM,,,,,,,1
1418,SS525,SS525,SARODA,SARODA,0,1,304,True,1,10/14/2020 9:35:02 AM,,,,,,,1
1419,SS549,SS549,BIRYAKHEDI,BIRYAKHEDI,0,1,346,True,1,10/14/2020 9:35:02 AM,,,,,,,1
1420,SS552,SS552,DHOLANA,DHOLANA,0,1,438,True,1,10/14/2020 9:35:02 AM,,,,,,,1
1421,SS557,SS557,LOHANA,LOHANA,0,1,352,True,1,10/14/2020 9:35:02 AM,,,,,,,1
1422,SS56,SS56,BORGAON,BORGAON,0,1,246,True,1,10/14/2020 9:35:02 AM,,,,,,,1
1423,SS567,SS567,AMLAWAD,AMLAWAD,0,1,264,True,1,10/14/2020 9:35:02 AM,,,,,,,1
1424,SS582,SS582,REWAS DEVRA,REWAS DEVRA,0,1,265,True,1,10/14/2020 9:35:02 AM,,,,,,,1
1425,SS586,SS586,BORSALI,BORSALI,0,1,121,True,1,10/14/2020 9:35:02 AM,,,,,,,1
1426,SS593,SS593,SHYAMPUR CHITONI,SHYAMPUR CHITONI,0,1,139,True,1,10/14/2020 9:35:02 AM,,,,,,,1
1427,SS600,SS600,BHOPAWAR,BHOPAWAR,0,1,426,True,1,10/14/2020 9:35:02 AM,,,,,,,1
1428,SS610,SS610,BHAGWANPURA,BHAGWANPURA,0,1,235,True,1,10/14/2020 9:35:02 AM,,,,,,,1
1429,SS619,SS619,JAWAR,JAWAR,0,1,226,True,1,10/14/2020 9:35:02 AM,,,,,,,1
1430,SS646,SS646,DABIAKHEDA,DABIAKHEDA,0,1,214,True,1,10/14/2020 9:35:02 AM,,,,,,,1
1431,SS652,SS652,SENDHWAL,SENDHWAL,0,1,230,True,1,10/14/2020 9:35:02 AM,,,,,,,1
1432,SS656,SS656,JAMNI GUJAR,JAMNI GUJAR,0,1,233,True,1,10/14/2020 9:35:02 AM,,,,,,,1
1433,SS657,SS657,JAMNIYA SARSARI,JAMNIYA SARSARI,0,1,239,True,1,10/14/2020 9:35:02 AM,,,,,,,1
1434,SS663,SS663,BHATBAMANDA,BHATBAMANDA,0,1,441,True,1,10/14/2020 9:35:02 AM,,,,,,,1
1435,SS67,SS67,BHAMORI,BHAMORI,0,1,110,True,1,10/14/2020 9:35:02 AM,,,,,,,1
1436,SS670,SS670,KADOKALA,KADOKALA,0,1,439,True,1,10/14/2020 9:35:02 AM,,,,,,,1
1437,SS675,SS675,NANDLAI,NANDLAI,0,1,427,True,1,10/14/2020 9:35:02 AM,,,,,,,1
1438,SS691,SS691,BILODA NAYTA,BILODA NAYTA,0,1,153,True,1,10/14/2020 9:35:02 AM,,,,,,,1
1439,SS693,SS693,NEW SANWER,NEW SANWER,0,1,153,True,1,10/14/2020 9:35:02 AM,,,,,,,1
1440,SS699,SS699,EKLERA,EKLERA,0,1,100,True,1,10/14/2020 9:35:02 AM,,,,,,,1
1441,SS702,SS702,PALASI,PALASI,0,1,100,True,1,10/14/2020 9:35:02 AM,,,,,,,1
1442,SS71,SS71,HATPIPLIYA,HATPIPLIYA,0,1,111,True,1,10/14/2020 9:35:02 AM,,,,,,,1
1443,SS712,SS712,KANJIPURA,KANJIPURA,0,1,104,True,1,10/14/2020 9:35:02 AM,,,,,,,1
1444,SS715,SS715,NEMAWER,NEMAWER,0,1,101,True,1,10/14/2020 9:35:02 AM,,,,,,,1
1445,SS722,SS722,BAGHERA MOD,BAGHERA MOD,0,1,363,True,1,10/14/2020 9:35:02 AM,,,,,,,1
1446,SS727,SS727,KHAMLI,KHAMLI,0,1,364,True,1,10/14/2020 9:35:02 AM,,,,,,,1
1447,SS746,SS746,BURANABAD,BURANABAD,0,1,356,True,1,10/14/2020 9:35:02 AM,,,,,,,1
1448,SS75,SS75,MATMORE,MATMORE,0,1,110,True,1,10/14/2020 9:35:02 AM,,,,,,,1
1449,SS757,SS757,RUNKHEDA,RUNKHEDA,0,1,355,True,1,10/14/2020 9:35:02 AM,,,,,,,1
1450,SS760,SS760,DHABLA HARDU,DHABLA HARDU,0,1,368,True,1,10/14/2020 9:35:02 AM,,,,,,,1
1451,SS763,SS763,GHATIYA,GHATIYA,0,1,370,True,1,10/14/2020 9:35:02 AM,,,,,,,1
1452,SS778,SS778,HANUMANTIYA,HANUMANTIYA,0,1,330,True,1,10/14/2020 9:35:02 AM,,,,,,,1
1453,SS780,SS780,LUNI,LUNI,0,1,333,True,1,10/14/2020 9:35:02 AM,,,,,,,1
1454,SS783,SS783,TAL,TAL,0,1,331,True,1,10/14/2020 9:35:02 AM,,,,,,,1
1455,SS794,SS794,BISHNIYA,BISHNIYA,0,1,292,True,1,10/14/2020 9:35:02 AM,,,,,,,1
1456,SS807,SS807,TITROD,TITROD,0,1,289,True,1,10/14/2020 9:35:02 AM,,,,,,,1
1457,SS808,SS808,AKODIYA,AKODIYA,0,1,129,True,1,10/14/2020 9:35:02 AM,,,,,,,1
1458,SS820,SS820,BARUD,BARUD,0,1,473,True,1,10/14/2020 9:35:02 AM,,,,,,,1
1459,SS825,SS825,DASNAWAL (BILALI),DASNAWAL (BILALI),0,1,470,True,1,10/14/2020 9:35:02 AM,,,,,,,1
1460,SS826,SS826,GOGAWA,GOGAWA,0,1,468,True,1,10/14/2020 9:35:02 AM,,,,,,,1
1461,SS83,SS83,KAILOD,KAILOD,0,1,91,True,1,10/14/2020 9:35:02 AM,,,,,,,1
1462,SS830,SS830,KADWALI,KADWALI,0,1,474,True,1,10/14/2020 9:35:02 AM,,,,,,,1
1463,SS838,SS838,NAGZIRI,NAGZIRI,0,1,470,True,1,10/14/2020 9:35:02 AM,,,,,,,1
1464,SS840,SS840,NANDGAON -RD,NANDGAON -RD,0,1,473,True,1,10/14/2020 9:35:02 AM,,,,,,,1
1465,SS854,SS854,NAVALI,NAVALI,0,1,247,True,1,10/14/2020 9:35:02 AM,,,,,,,1
1466,SS857,SS857,PONASA,PONASA,0,1,115,True,1,10/14/2020 9:35:02 AM,,,,,,,1
1467,SS858,SS858,DONGERGOAN,DONGERGOAN,0,1,175,True,1,10/14/2020 9:35:02 AM,,,,,,,1
1468,SS860,SS860,KAMADPUR,KAMADPUR,0,1,178,True,1,10/14/2020 9:35:02 AM,,,,,,,1
1469,SS865,SS865,AMZERA,AMZERA,0,1,425,True,1,10/14/2020 9:35:02 AM,,,,,,,1
1470,SS867,SS867,BHANGARTH,BHANGARTH,0,1,429,True,1,10/14/2020 9:35:02 AM,,,,,,,1
1471,SS872,SS872,DHULET,DHULET,0,1,425,True,1,10/14/2020 9:35:02 AM,,,,,,,1
1472,SS878,SS878,RAJGARH EHV S/S,RAJGARH EHV S/S,0,1,424,True,1,10/14/2020 9:35:02 AM,,,,,,,1
1473,SS892,SS892,PANDA,PANDA,0,1,176,True,1,10/14/2020 9:35:02 AM,,,,,,,1
1474,SS898,SS898,KHALKHLA,KHALKHLA,0,1,146,True,1,10/14/2020 9:35:02 AM,,,,,,,1
1475,SS90,SS90,NEORI FATA,NEORI FATA,0,1,93,True,1,10/14/2020 9:35:02 AM,,,,,,,1
1476,SS904,SS904,BHATKHEDI,BHATKHEDI,0,1,181,True,1,10/14/2020 9:35:02 AM,,,,,,,1
1477,SS911,SS911,AERODROME,AERODROME,0,1,161,True,1,10/14/2020 9:35:02 AM,,,,,,,1
1478,SS916,SS916,KUMEDI,KUMEDI,0,1,147,True,1,10/14/2020 9:35:02 AM,,,,,,,1
1479,SS919,SS919,SANGAM NGR.,SANGAM NGR.,0,1,161,True,1,10/14/2020 9:35:02 AM,,,,,,,1
1480,SS92,SS92,PANDA JAGIR,PANDA JAGIR,0,1,85,True,1,10/14/2020 9:35:02 AM,,,,,,,1
1481,SS926,SS926,SECTOR -E,SECTOR -E,0,1,147,True,1,10/14/2020 9:35:02 AM,,,,,,,1
1482,SS930,SS930,SECTOR F,SECTOR F,0,1,197,True,1,10/14/2020 9:35:02 AM,,,,,,,1
1483,SS932,SS932,ZINSI HAT,ZINSI HAT,0,1,162,True,1,10/14/2020 9:35:02 AM,,,,,,,1
1484,SS935,SS935,APOLLO DB CITY,APOLLO DB CITY,0,1,155,True,1,10/14/2020 9:35:02 AM,,,,,,,1
1485,SS936,SS936,B R GOYAL,B R GOYAL,0,1,148,True,1,10/14/2020 9:35:02 AM,,,,,,,1
1486,SS95,SS95,SANWARSI,SANWARSI,0,1,93,True,1,10/14/2020 9:35:02 AM,,,,,,,1
1487,SS957,SS957,SEMLIYA CHAU,SEMLIYA CHAU,0,1,150,True,1,10/14/2020 9:35:02 AM,,,,,,,1
1488,SS958,SS958,SHALIMAR PALM,SHALIMAR PALM,0,1,160,True,1,10/14/2020 9:35:02 AM,,,,,,,1
1489,SS963,SS963,VARUN VICTORY,VARUN VICTORY,0,1,170,True,1,10/14/2020 9:35:02 AM,,,,,,,1
1490,SS970,SS970,EHV CAMPUS,EHV CAMPUS,0,1,103,True,1,10/14/2020 9:35:02 AM,,,,,,,1
1491,SS971,SS971,KANNOD,KANNOD,0,1,103,True,1,10/14/2020 9:35:02 AM,,,,,,,1
1492,SS98,SS98,TONKKALA,TONKKALA,0,1,98,True,1,10/14/2020 9:35:02 AM,,,,,,,1
1493,Sub_HT_3364500,Sub_HT_3364500,SONKATCH(O&M)_HT_Substation,SONKATCH(O&M)_HT_Substation,0,1,97,True,1,10/14/2020 9:35:02 AM,,,,,,,1
1494,Sub_HT_3365000,Sub_HT_3365000,SHAJAPUR (O&M)_HT_Substation,SHAJAPUR (O&M)_HT_Substation,0,1,127,True,1,10/14/2020 9:35:02 AM,,,,,,,1
1495,Sub_HT_3365200,Sub_HT_3365200,DEWAS CITY_HT_Substation,DEWAS CITY_HT_Substation,0,1,140,True,1,10/14/2020 9:35:02 AM,,,,,,,1
1496,Sub_HT_3424700,Sub_HT_3424700,DEPALPUR(O&M)_HT_Substation,DEPALPUR(O&M)_HT_Substation,0,1,184,True,1,10/14/2020 9:35:02 AM,,,,,,,1
1497,Sub_HT_3464900,Sub_HT_3464900,132 KV BAHADARPUR,132 KV BAHADARPUR,0,1,241,True,1,10/14/2020 9:35:02 AM,,,,,,,1
1498,Sub_HT_3465400,Sub_HT_3465400,PANDHANA_HT_Substation,PANDHANA_HT_Substation,0,1,245,True,1,10/14/2020 9:35:02 AM,,,,,,,1
1499,Sub_HT_3474200,Sub_HT_3474200,GAROTH_HT_Substation,GAROTH_HT_Substation,0,1,250,True,1,10/14/2020 9:35:02 AM,,,,,,,1
1500,Sub_HT_3474700,Sub_HT_3474700,JAWAD_HT_Substation,JAWAD_HT_Substation,0,1,297,True,1,10/14/2020 9:35:02 AM,,,,,,,1
1501,Sub_HT_3524200,Sub_HT_3524200,RATLAM CITY_HT_Substation,RATLAM CITY_HT_Substation,0,1,316,True,1,10/14/2020 9:35:02 AM,,,,,,,1
1502,Sub_HT_3614915,Sub_HT_3614915,UJJAIN EAST_HT_Substation,UJJAIN EAST_HT_Substation,0,1,376,True,1,10/14/2020 9:35:02 AM,,,,,,,1
1503,Sub_HT_3634700,Sub_HT_3634700,BADNAWAR_HT_Substation,BADNAWAR_HT_Substation,0,1,437,True,1,10/14/2020 9:35:02 AM,,,,,,,1
1504,Sub_HT_3644200,Sub_HT_3644200,132KV NIMRANI,132KV NIMRANI,0,1,444,True,1,10/14/2020 9:35:02 AM,,,,,,,1
1505,Sub_LT_AMR,Sub_LT_AMR,Sub_LT_AMR,Sub_LT_AMR,0,1,74,True,1,10/14/2020 9:35:02 AM,,,,,,,1
1506,2590302072,2590302072,NEWYORK CITY 2(CHQ),NEWYORK CITY 2(CHQ),758,2,208,True,1,10/14/2020 9:35:03 AM,,,,,,,1
1507,3270010101,3270010101,GAWADI(FS-IRR),GAWADI(FS-IRR),22,2,502,True,1,10/14/2020 9:35:03 AM,,,,,,,1
1508,4591310104,4591310104,11 KV SEMLI IRR(FS-IRR),11 KV SEMLI IRR(FS-IRR),1379,2,256,True,1,10/14/2020 9:35:03 AM,,,,,,,1
1509,4682400101,4682400101,RAM NAGAR(FS-IRR),RAM NAGAR(FS-IRR),365,2,301,True,1,10/14/2020 9:35:03 AM,,,,,,,1
1510,4682400105,4682400105,SUTHOLI(FS-DLF),SUTHOLI(FS-DLF),365,2,301,True,1,10/14/2020 9:35:03 AM,,,,,,,1
1511,4682450101,4682450101,NILIYA IRR(FS-IRR),NILIYA IRR(FS-IRR),904,2,301,True,1,10/14/2020 9:35:03 AM,,,,,,,1
1512,4683030103,4683030103,ATTA (IRR )(FS-IRR),ATTA (IRR )(FS-IRR),1418,2,304,True,1,10/14/2020 9:35:03 AM,,,,,,,1
1513,4683090101,4683090101,GUJAR KHEDI(FS-IRR),GUJAR KHEDI(FS-IRR),309,2,304,True,1,10/14/2020 9:35:03 AM,,,,,,,1
1514,4683090102,4683090102,SARVANIYA MASANI(FS-DLF),SARVANIYA MASANI(FS-DLF),309,2,305,True,1,10/14/2020 9:35:03 AM,,,,,,,1
1515,4683100102,4683100102,MEGHPURA(CHADOL)(FS-IRR),MEGHPURA(CHADOL)(FS-IRR),970,2,304,True,1,10/14/2020 9:35:03 AM,,,,,,,1
1516,4683100201,4683100201,BAWAL IRR(FS-IRR),BAWAL IRR(FS-IRR),1201,2,304,True,1,10/14/2020 9:35:03 AM,,,,,,,1
1517,4683400106,4683400106,SARVANIYA(N)(FS-DLF),SARVANIYA(N)(FS-DLF),729,2,303,True,1,10/14/2020 9:35:03 AM,,,,,,,1
1518,4683401107,4683401107,UPREDA(MODI NEW)(FS-IRR),UPREDA(MODI NEW)(FS-IRR),729,2,303,True,1,10/14/2020 9:35:03 AM,,,,,,,1
1519,4684140103,4684140103,ZANTLA(FS-IRR),ZANTLA(FS-IRR),369,2,300,True,1,10/14/2020 9:35:03 AM,,,,,,,1
1520,4684140107,4684140107,MOKAMPURA(FS-DLF),MOKAMPURA(FS-DLF),369,2,300,True,1,10/14/2020 9:35:03 AM,,,,,,,1
1521,4684140108,4684140108,ZANTLA(FS-DLF),ZANTLA(FS-DLF),369,2,300,True,1,10/14/2020 9:35:03 AM,,,,,,,1
1522,4684270103,4684270103,BILKHANDA(FS-DLF),BILKHANDA(FS-DLF),1389,2,300,True,1,10/14/2020 9:35:03 AM,,,,,,,1
1523,4684270104,4684270104,K.KEKHEDI(FS-IRR),K.KEKHEDI(FS-IRR),1389,2,300,True,1,10/14/2020 9:35:03 AM,,,,,,,1
1524,4684270203,4684270203,BARKHEDAGUJAR IRR(FS-IRR),BARKHEDAGUJAR IRR(FS-IRR),285,2,298,True,1,10/14/2020 9:35:03 AM,,,,,,,1
1525,4684700103,4684700103,ATHWA DLF(FS-DLF),ATHWA DLF(FS-DLF),284,2,300,True,1,10/14/2020 9:35:03 AM,,,,,,,1
1526,4684791102,4684791102,NERAL(FS-DLF),NERAL(FS-DLF),1391,2,300,True,1,10/14/2020 9:35:03 AM,,,,,,,1
1527,4685600103,4685600103,AKHEPUR(FS-DLF),AKHEPUR(FS-DLF),391,2,285,True,1,10/14/2020 9:35:03 AM,,,,,,,1
1528,4685700101,4685700101,GHASUNDI(FS-IRR),GHASUNDI(FS-IRR),1019,2,284,True,1,10/14/2020 9:35:03 AM,,,,,,,1
1529,4685700103,4685700103,BISALWAS KALA(FS-IRR),BISALWAS KALA(FS-IRR),1019,2,284,True,1,10/14/2020 9:35:03 AM,,,,,,,1
1530,4685700104,4685700104,CHAINPURA(FS-DLF),CHAINPURA(FS-DLF),1019,2,284,True,1,10/14/2020 9:35:03 AM,,,,,,,1
1531,4685760102,4685760102,SAGRANA(FS-IRR),SAGRANA(FS-IRR),307,2,283,True,1,10/14/2020 9:35:03 AM,,,,,,,1
1532,4685970101,4685970101,JAVI(FS-IRR),JAVI(FS-IRR),776,2,283,True,1,10/14/2020 9:35:03 AM,,,,,,,1
1533,4685970102,4685970102,THADOLI(FS-IRR),THADOLI(FS-IRR),776,2,283,True,1,10/14/2020 9:35:03 AM,,,,,,,1
1534,4685970104,4685970104,DHOLPURA IRR(FS-IRR),DHOLPURA IRR(FS-IRR),776,2,283,True,1,10/14/2020 9:35:03 AM,,,,,,,1
1535,4686500102,4686500102,HANMANTIYA(FS-IRR),HANMANTIYA(FS-IRR),1312,2,288,True,1,10/14/2020 9:35:03 AM,,,,,,,1
1536,4686790101,4686790101,MAHUDIYA(FS-DLF),MAHUDIYA(FS-DLF),393,2,284,True,1,10/14/2020 9:35:03 AM,,,,,,,1
1537,4686790103,4686790103,SONIYANA(FS-IRR),SONIYANA(FS-IRR),393,2,284,True,1,10/14/2020 9:35:03 AM,,,,,,,1
1538,4687110101,4687110101,HEMRA KA MAR(FS-IRR),HEMRA KA MAR(FS-IRR),669,2,285,True,1,10/14/2020 9:35:03 AM,,,,,,,1
1539,4687110103,4687110103,ARANIYA(FS-DLF),ARANIYA(FS-DLF),669,2,285,True,1,10/14/2020 9:35:03 AM,,,,,,,1
1540,4687440103,4687440103,DHANUKA(FS-DLF),DHANUKA(FS-DLF),1274,2,286,True,1,10/14/2020 9:35:03 AM,,,,,,,1
1541,4687440202,4687440202,KELUKEDA(FS-IRR),KELUKEDA(FS-IRR),1313,2,286,True,1,10/14/2020 9:35:03 AM,,,,,,,1
1542,4687690101,4687690101,CHAUKADI(FS-IRR),CHAUKADI(FS-IRR),35,2,313,True,1,10/14/2020 9:35:03 AM,,,,,,,1
1543,4687690103,4687690103,KANJARDA(IRR)(FS-IRR),KANJARDA(IRR)(FS-IRR),35,2,313,True,1,10/14/2020 9:35:03 AM,,,,,,,1
1544,4688230106,4688230106,DATOLI(FS-DLF),DATOLI(FS-DLF),515,2,312,True,1,10/14/2020 9:35:03 AM,,,,,,,1
1545,4688560110,4688560110,KUNDWASA(FS-IRR),KUNDWASA(FS-IRR),119,2,314,True,1,10/14/2020 9:35:03 AM,,,,,,,1
1546,4688660105,4688660105,MOKHAMPURA(FS-IRR),MOKHAMPURA(FS-IRR),452,2,315,True,1,10/14/2020 9:35:03 AM,,,,,,,1
1547,4688760102,4688760102,HADIPIPLIYA(FS-DLF),HADIPIPLIYA(FS-DLF),451,2,308,True,1,10/14/2020 9:35:03 AM,,,,,,,1
1548,4689020103,4689020103,BADKUA(FS-IRR),BADKUA(FS-IRR),100,2,314,True,1,10/14/2020 9:35:03 AM,,,,,,,1
1549,4689020104,4689020104,KHANKHEDI(FS-IRR),KHANKHEDI(FS-IRR),100,2,314,True,1,10/14/2020 9:35:03 AM,,,,,,,1
1550,4689490101,4689490101,AMARPURA(FS-DLF),AMARPURA(FS-DLF),1093,2,307,True,1,10/14/2020 9:35:03 AM,,,,,,,1
1551,4690570101,4690570101,ARNIYA BHAU DL(FS-DLF),ARNIYA BHAU DL(FS-DLF),907,2,257,True,1,10/14/2020 9:35:03 AM,,,,,,,1
1552,4690790104,4690790104,PIPALDA DL(FS-DLF),PIPALDA DL(FS-DLF),934,2,257,True,1,10/14/2020 9:35:03 AM,,,,,,,1
1553,4690860103,4690860103,KOTHDEE TANK(FS-IRR),KOTHDEE TANK(FS-IRR),909,2,257,True,1,10/14/2020 9:35:03 AM,,,,,,,1
1554,4691040101,4691040101,BORDA(FS-IRR),BORDA(FS-IRR),906,2,255,True,1,10/14/2020 9:35:03 AM,,,,,,,1
1555,4691040105,4691040105,OSARNA(FS-DLF),OSARNA(FS-DLF),906,2,255,True,1,10/14/2020 9:35:03 AM,,,,,,,1
1556,4691040106,4691040106,RAMNAGAR IRR(FS-IRR),RAMNAGAR IRR(FS-IRR),906,2,255,True,1,10/14/2020 9:35:03 AM,,,,,,,1
1557,4691160102,4691160102,BADODIYA(FS-IRR),BADODIYA(FS-IRR),905,2,255,True,1,10/14/2020 9:35:03 AM,,,,,,,1
1558,4691240101,4691240101,BHENSODA MANDI(FS-IRR),BHENSODA MANDI(FS-IRR),844,2,256,True,1,10/14/2020 9:35:03 AM,,,,,,,1
1559,4691240104,4691240104,GOVINDKHEDA IRR(FS-IRR),GOVINDKHEDA IRR(FS-IRR),844,2,254,True,1,10/14/2020 9:35:03 AM,,,,,,,1
1560,4691240105,4691240105,GOVINDKHEDA DL(FS-DLF),GOVINDKHEDA DL(FS-DLF),844,2,256,True,1,10/14/2020 9:35:03 AM,,,,,,,1
1561,4691920103,4691920103,KANG HATTI IRRIGATION(FS-IRR),KANG HATTI IRRIGATION(FS-IRR),139,2,278,True,1,10/14/2020 9:35:03 AM,,,,,,,1
1562,4691970105,4691970105,BALAGUDA IRRI(FS-IRR),BALAGUDA IRRI(FS-IRR),1134,2,278,True,1,10/14/2020 9:35:03 AM,,,,,,,1
1563,4691970107,4691970107,KANGHATTI IRRI(FS-IRR),KANGHATTI IRRI(FS-IRR),1134,2,281,True,1,10/14/2020 9:35:03 AM,,,,,,,1
1564,4692130102,4692130102,KACHRIYA(FS-IRR),KACHRIYA(FS-IRR),552,2,276,True,1,10/14/2020 9:35:03 AM,,,,,,,1
1565,4692250102,4692250102,DEVRI(FS-DLF),DEVRI(FS-DLF),626,2,280,True,1,10/14/2020 9:35:03 AM,,,,,,,1
1566,4692320101,4692320101,DHABLA(FS-IRR),DHABLA(FS-IRR),613,2,275,True,1,10/14/2020 9:35:03 AM,,,,,,,1
1567,4692400103,4692400103,NAPAKHEDA IRRI(FS-IRR),NAPAKHEDA IRRI(FS-IRR),625,2,275,True,1,10/14/2020 9:35:03 AM,,,,,,,1
1568,4692680101,4692680101,BILLOD(FS-IRR),BILLOD(FS-IRR),788,2,279,True,1,10/14/2020 9:35:03 AM,,,,,,,1
1569,3270010102,3270010102,JHARIMATA(FS-IRR),JHARIMATA(FS-IRR),22,2,503,True,1,10/14/2020 9:35:03 AM,,,,,,,1
1570,4591310103,4591310103,11 KV KESODA IRR(FS-IRR),11 KV KESODA IRR(FS-IRR),1379,2,256,True,1,10/14/2020 9:35:03 AM,,,,,,,1
1571,4682400106,4682400106,CHUCK IRR(FS-IRR),CHUCK IRR(FS-IRR),365,2,301,True,1,10/14/2020 9:35:03 AM,,,,,,,1
1572,4682450102,4682450102,JAGEPUR HADA(FS-IRR),JAGEPUR HADA(FS-IRR),904,2,301,True,1,10/14/2020 9:35:03 AM,,,,,,,1
1573,4682450103,4682450103,NILIYA DLF(FS-DLF),NILIYA DLF(FS-DLF),904,2,301,True,1,10/14/2020 9:35:03 AM,,,,,,,1
1574,4682950102,4682950102,KOTADI(M.KHEDI)(FS-IRR),KOTADI(M.KHEDI)(FS-IRR),971,2,302,True,1,10/14/2020 9:35:03 AM,,,,,,,1
1575,4683100104,4683100104,SUKHANAND (DL)(FS-DLF),SUKHANAND (DL)(FS-DLF),970,2,304,True,1,10/14/2020 9:35:03 AM,,,,,,,1
1576,4683100106,4683100106,TARAPUR(FS-IRR),TARAPUR(FS-IRR),970,2,304,True,1,10/14/2020 9:35:03 AM,,,,,,,1
1577,4683100202,4683100202,DUNGARPURIYA(FS-IRR),DUNGARPURIYA(FS-IRR),1201,2,304,True,1,10/14/2020 9:35:03 AM,,,,,,,1
1578,4683180107,4683180107,DAMODARPURA(FS-IRR),DAMODARPURA(FS-IRR),395,2,305,True,1,10/14/2020 9:35:03 AM,,,,,,,1
1579,4683400101,4683400101,SARVANIYA(O)(FS-IRR),SARVANIYA(O)(FS-IRR),729,2,283,True,1,10/14/2020 9:35:03 AM,,,,,,,1
1580,4683400103,4683400103,AMLIBHAT(O)(FS-IRR),AMLIBHAT(O)(FS-IRR),729,2,303,True,1,10/14/2020 9:35:03 AM,,,,,,,1
1581,4683400107,4683400107,UPREDA DL(FS-DLF),UPREDA DL(FS-DLF),730,2,303,True,1,10/14/2020 9:35:03 AM,,,,,,,1
1582,4683510105,4683510105,MARWADA DLF(FS-DLF),MARWADA DLF(FS-DLF),1108,2,302,True,1,10/14/2020 9:35:03 AM,,,,,,,1
1583,4683810101,4683810101,SINGOLI(THQ),SINGOLI(THQ),1388,2,299,True,1,10/14/2020 9:35:03 AM,,,,,,,1
1584,4683810105,4683810105,TURKIYA(FS-IRR),TURKIYA(FS-IRR),1388,2,299,True,1,10/14/2020 9:35:03 AM,,,,,,,1
1585,4683810106,4683810106,MADHU VILAS(THQ),MADHU VILAS(THQ),1388,2,299,True,1,10/14/2020 9:35:03 AM,,,,,,,1
1586,4684270102,4684270102,BILKHANDA(FS-IRR),BILKHANDA(FS-IRR),1389,2,300,True,1,10/14/2020 9:35:03 AM,,,,,,,1
1587,4685030101,4685030101,SANDA(FS-DLF),SANDA(FS-DLF),366,2,306,True,1,10/14/2020 9:35:03 AM,,,,,,,1
1588,4685030105,4685030105,LUHARIYA JAT(FS-IRR),LUHARIYA JAT(FS-IRR),366,2,306,True,1,10/14/2020 9:35:03 AM,,,,,,,1
1589,4685120101,4685120101,BADIGHATI(FS-IRR),BADIGHATI(FS-IRR),1387,2,306,True,1,10/14/2020 9:35:03 AM,,,,,,,1
1590,4685580101,4685580101,SEMARDA(FS-IRR),SEMARDA(FS-IRR),1416,2,284,True,1,10/14/2020 9:35:03 AM,,,,,,,1
1591,4685580104,4685580104,KHERMALIYA(FS-IRR),KHERMALIYA(FS-IRR),1416,2,284,True,1,10/14/2020 9:35:03 AM,,,,,,,1
1592,4685700105,4685700105,DUDARSI(FS-DLF),DUDARSI(FS-DLF),1019,2,283,True,1,10/14/2020 9:35:03 AM,,,,,,,1
1593,4685700106,4685700106,SAGANA(FS-DLF),SAGANA(FS-DLF),1019,2,284,True,1,10/14/2020 9:35:03 AM,,,,,,,1
1594,4685760103,4685760103,DUNGLAWADA(FS-IRR),DUNGLAWADA(FS-IRR),307,2,283,True,1,10/14/2020 9:35:03 AM,,,,,,,1
1595,4685820101,4685820101,DARU(FS-IRR),DARU(FS-IRR),1199,2,284,True,1,10/14/2020 9:35:03 AM,,,,,,,1
1596,4685821102,4685821102,BISALWAS(FS-IRR),BISALWAS(FS-IRR),1199,2,284,True,1,10/14/2020 9:35:03 AM,,,,,,,1
1597,4685930101,4685930101,JAVI(FS-IRR),JAVI(FS-IRR),1316,2,283,True,1,10/14/2020 9:35:03 AM,,,,,,,1
1598,4686160102,4686160102,PIPLON(FS-IRR),PIPLON(FS-IRR),1182,2,288,True,1,10/14/2020 9:35:03 AM,,,,,,,1
1599,4686160103,4686160103,RAMPURIYA(FS-DLF),RAMPURIYA(FS-DLF),1182,2,288,True,1,10/14/2020 9:35:03 AM,,,,,,,1
1600,4686460103,4686460103,BHADWA MATA(FS-DLF),BHADWA MATA(FS-DLF),777,2,288,True,1,10/14/2020 9:35:03 AM,,,,,,,1
1601,4686460107,4686460107,DOBAD(FS-DLF),DOBAD(FS-DLF),777,2,288,True,1,10/14/2020 9:35:03 AM,,,,,,,1
1602,4687260101,4687260101,KARADIYA(FS-IRR),KARADIYA(FS-IRR),1198,2,285,True,1,10/14/2020 9:35:03 AM,,,,,,,1
1603,4687260103,4687260103,RABDIYA(FS-IRR),RABDIYA(FS-IRR),1198,2,285,True,1,10/14/2020 9:35:03 AM,,,,,,,1
1604,4687260105,4687260105,GHASUNDI(FS-IRR),GHASUNDI(FS-IRR),1198,2,285,True,1,10/14/2020 9:35:03 AM,,,,,,,1
1605,4687690102,4687690102,BARAJI(IR)(FS-IRR),BARAJI(IR)(FS-IRR),35,2,313,True,1,10/14/2020 9:35:03 AM,,,,,,,1
1606,4687690105,4687690105,WATER WORKS(FS-DLF),WATER WORKS(FS-DLF),35,2,313,True,1,10/14/2020 9:35:03 AM,,,,,,,1
1607,4688160107,4688160107,DHAKANI(FS-DLF),DHAKANI(FS-DLF),442,2,311,True,1,10/14/2020 9:35:03 AM,,,,,,,1
1608,4688160108,4688160108,JALINER(FS-IRR),JALINER(FS-IRR),442,2,311,True,1,10/14/2020 9:35:03 AM,,,,,,,1
1609,4688230101,4688230101,JAMUNIYA(FS-IRR),JAMUNIYA(FS-IRR),515,2,302,True,1,10/14/2020 9:35:03 AM,,,,,,,1
1610,4688230107,4688230107,BHATKHEDI(FS-DLF),BHATKHEDI(FS-DLF),515,2,312,True,1,10/14/2020 9:35:03 AM,,,,,,,1
1611,4688560105,4688560105,KHEMPURA(FS-IRR),KHEMPURA(FS-IRR),33,2,314,True,1,10/14/2020 9:35:03 AM,,,,,,,1
1612,4688560109,4688560109,KORAKHEDI(FS-DLF),KORAKHEDI(FS-DLF),119,2,314,True,1,10/14/2020 9:35:03 AM,,,,,,,1
1613,4688660104,4688660104,NALKHEDA(FS-IRR),NALKHEDA(FS-IRR),452,2,315,True,1,10/14/2020 9:35:03 AM,,,,,,,1
1614,4688660106,4688660106,ROOPAVAS(FS-DLF),ROOPAVAS(FS-DLF),452,2,315,True,1,10/14/2020 9:35:03 AM,,,,,,,1
1615,4689780107,4689780107,KHADI BUJURG(FS-DLF),KHADI BUJURG(FS-DLF),581,2,309,True,1,10/14/2020 9:35:03 AM,,,,,,,1
1616,4690700101,4690700101,KHERKHEDI IRR(FS-IRR),KHERKHEDI IRR(FS-IRR),289,2,254,True,1,10/14/2020 9:35:03 AM,,,,,,,1
1617,4691010102,4691010102,KETHULI(FS-IRR),KETHULI(FS-IRR),286,2,255,True,1,10/14/2020 9:35:03 AM,,,,,,,1
1618,4691660101,4691660101,APUKHEDI IRR(FS-IRR),APUKHEDI IRR(FS-IRR),789,2,275,True,1,10/14/2020 9:35:03 AM,,,,,,,1
1619,4691970104,4691970104,UMRIYA (N+K) DL(FS-DLF),UMRIYA (N+K) DL(FS-DLF),1134,2,281,True,1,10/14/2020 9:35:03 AM,,,,,,,1
1620,4692130101,4692130101,LUNAHEDA(FS-DLF),LUNAHEDA(FS-DLF),552,2,276,True,1,10/14/2020 9:35:03 AM,,,,,,,1
1621,4692250101,4692250101,MUNDADI(FS-IRR),MUNDADI(FS-IRR),626,2,280,True,1,10/14/2020 9:35:03 AM,,,,,,,1
1622,4692400107,4692400107,LIMBAWASH IRR(FS-IRR),LIMBAWASH IRR(FS-IRR),625,2,275,True,1,10/14/2020 9:35:03 AM,,,,,,,1
1623,4692400109,4692400109,KALIYA KHEDI DL(FS-DLF),KALIYA KHEDI DL(FS-DLF),625,2,275,True,1,10/14/2020 9:35:03 AM,,,,,,,1
1624,4693020101,4693020101,HINGORIYA I(FS-IRR),HINGORIYA I(FS-IRR),237,2,279,True,1,10/14/2020 9:35:03 AM,,,,,,,1
1625,4693430101,4693430101,KHADAWADA(FS-IRR),KHADAWADA(FS-IRR),288,2,252,True,1,10/14/2020 9:35:03 AM,,,,,,,1
1626,4693490101,4693490101,SEMLI RUPA DL(FS-DLF),SEMLI RUPA DL(FS-DLF),846,2,252,True,1,10/14/2020 9:35:03 AM,,,,,,,1
1627,4694090106,4694090106,PALKHANDA(FS-DLF),PALKHANDA(FS-DLF),936,2,253,True,1,10/14/2020 9:35:03 AM,,,,,,,1
1628,4694200103,4694200103,BARKHEDA RATHORE(FS-IRR),BARKHEDA RATHORE(FS-IRR),938,2,261,True,1,10/14/2020 9:35:03 AM,,,,,,,1
1629,4694200104,4694200104,KHAJURI PANTH DL(FS-DLF),KHAJURI PANTH DL(FS-DLF),938,2,261,True,1,10/14/2020 9:35:03 AM,,,,,,,1
1630,4694200105,4694200105,DHABLA GURJAR(FS-IRR),DHABLA GURJAR(FS-IRR),938,2,261,True,1,10/14/2020 9:35:03 AM,,,,,,,1
1631,4694500105,4694500105,MELKHEDA(FS-DLF),MELKHEDA(FS-DLF),742,2,261,True,1,10/14/2020 9:35:03 AM,,,,,,,1
1632,4694800105,4694800105,CHAND WASA(FS-IRR),CHAND WASA(FS-IRR),1087,2,259,True,1,10/14/2020 9:35:03 AM,,,,,,,1
1633,4692680104,4692680104,NAPAKHEDA(FS-IRR),NAPAKHEDA(FS-IRR),788,2,279,True,1,10/14/2020 9:35:03 AM,,,,,,,1
1634,4692820103,4692820103,BARKHEDA DANGI IRRIGATION(FS-IRR),BARKHEDA DANGI IRRIGATION(FS-IRR),632,2,279,True,1,10/14/2020 9:35:03 AM,,,,,,,1
1635,4693410101,4693410101,DALMOO(FS-IRR),DALMOO(FS-IRR),287,2,252,True,1,10/14/2020 9:35:03 AM,,,,,,,1
1636,4693410103,4693410103,DALMU(FS-DLF),DALMU(FS-DLF),287,2,252,True,1,10/14/2020 9:35:03 AM,,,,,,,1
1637,4693430102,4693430102,DETHLI(FS-IRR),DETHLI(FS-IRR),288,2,252,True,1,10/14/2020 9:35:03 AM,,,,,,,1
1638,4693490102,4693490102,KHAJURI RUNDA IRR(FS-IRR),KHAJURI RUNDA IRR(FS-IRR),846,2,252,True,1,10/14/2020 9:35:03 AM,,,,,,,1
1639,4693550102,4693550102,SATHKHEDA(FS-DLF),SATHKHEDA(FS-DLF),14,2,252,True,1,10/14/2020 9:35:03 AM,,,,,,,1
1640,4693660103,4693660103,VARNI IRR(FS-IRR),VARNI IRR(FS-IRR),845,2,251,True,1,10/14/2020 9:35:03 AM,,,,,,,1
1641,4693730102,4693730102,KHAJURI RUNDA IRRIGATION(FS-IRR),KHAJURI RUNDA IRRIGATION(FS-IRR),843,2,251,True,1,10/14/2020 9:35:03 AM,,,,,,,1
1642,4693730103,4693730103,DASORIYA IRRIGATION(FS-IRR),DASORIYA IRRIGATION(FS-IRR),843,2,251,True,1,10/14/2020 9:35:03 AM,,,,,,,1
1643,4693930102,4693930102,BARDIYA ISTMURAR(FS-IRR),BARDIYA ISTMURAR(FS-IRR),937,2,251,True,1,10/14/2020 9:35:03 AM,,,,,,,1
1644,4694090102,4694090102,KOTHADA BUJURG IRR(FS-IRR),KOTHADA BUJURG IRR(FS-IRR),936,2,253,True,1,10/14/2020 9:35:03 AM,,,,,,,1
1645,4694110101,4694110101,BARKHEDA AMBEKA(FS-IRR),BARKHEDA AMBEKA(FS-IRR),908,2,253,True,1,10/14/2020 9:35:03 AM,,,,,,,1
1646,4694110103,4694110103,LAMBIKHEDI IRR(FS-IRR),LAMBIKHEDI IRR(FS-IRR),908,2,253,True,1,10/14/2020 9:35:03 AM,,,,,,,1
1647,4694350101,4694350101,PARASALI(FS-IRR),PARASALI(FS-IRR),939,2,261,True,1,10/14/2020 9:35:03 AM,,,,,,,1
1648,4694800108,4694800108,KILGARI IRR(FS-IRR),KILGARI IRR(FS-IRR),1087,2,259,True,1,10/14/2020 9:35:03 AM,,,,,,,1
1649,4694930101,4694930101,AAMLI(FS-IRR),AAMLI(FS-IRR),738,2,259,True,1,10/14/2020 9:35:03 AM,,,,,,,1
1650,4694930102,4694930102,BAAPCHYA(FS-DLF),BAAPCHYA(FS-DLF),738,2,259,True,1,10/14/2020 9:35:03 AM,,,,,,,1
1651,4695150104,4695150104,NAUGAANWAN IRRIGATION(FS-IRR),NAUGAANWAN IRRIGATION(FS-IRR),1424,2,265,True,1,10/14/2020 9:35:03 AM,,,,,,,1
1652,4695190103,4695190103,JAMALPURA DL(FS-DLF),JAMALPURA DL(FS-DLF),404,2,263,True,1,10/14/2020 9:35:03 AM,,,,,,,1
1653,4695330101,4695330101,GURADIYA DEEDA IRRI(FS-IRR),GURADIYA DEEDA IRRI(FS-IRR),976,2,265,True,1,10/14/2020 9:35:03 AM,,,,,,,1
1654,4695450106,4695450106,INDUSTRIAL NEW(INDUSTRIAL),INDUSTRIAL NEW(INDUSTRIAL),1205,2,263,True,1,10/14/2020 9:35:03 AM,,,,,,,1
1655,4695450107,4695450107,BORKHEDA DL(FS-DLF),BORKHEDA DL(FS-DLF),1205,2,263,True,1,10/14/2020 9:35:03 AM,,,,,,,1
1656,4695520106,4695520106,PASHUPATINATH(DHQ),PASHUPATINATH(DHQ),1025,2,263,True,1,10/14/2020 9:35:03 AM,,,,,,,1
1657,4695670102,4695670102,SEJPURIYA(FS-IRR),SEJPURIYA(FS-IRR),1423,2,264,True,1,10/14/2020 9:35:03 AM,,,,,,,1
1658,4695670103,4695670103,DORANA(FS-IRR),DORANA(FS-IRR),1423,2,264,True,1,10/14/2020 9:35:03 AM,,,,,,,1
1659,4695670107,4695670107,BARKHEDI IRR(FS-IRR),BARKHEDI IRR(FS-IRR),1423,2,264,True,1,10/14/2020 9:35:03 AM,,,,,,,1
1660,4695710102,4695710102,LABH MUNI(DHQ),LABH MUNI(DHQ),977,2,263,True,1,10/14/2020 9:35:03 AM,,,,,,,1
1661,4695710104,4695710104,MOHMMAD PURA IRR(FS-IRR),MOHMMAD PURA IRR(FS-IRR),977,2,263,True,1,10/14/2020 9:35:03 AM,,,,,,,1
1662,4695990102,4695990102,PIPLIYA KARADIYA(FS-IRR),PIPLIYA KARADIYA(FS-IRR),368,2,266,True,1,10/14/2020 9:35:03 AM,,,,,,,1
1663,4696090105,4696090105,PIPALKHUNTA IRR(FS-IRR),PIPALKHUNTA IRR(FS-IRR),1204,2,266,True,1,10/14/2020 9:35:03 AM,,,,,,,1
1664,4696090107,4696090107,SURI DL(FS-DLF),SURI DL(FS-DLF),1204,2,266,True,1,10/14/2020 9:35:03 AM,,,,,,,1
1665,4696090108,4696090108,DIGAON MALI DL(FS-DLF),DIGAON MALI DL(FS-DLF),1204,2,266,True,1,10/14/2020 9:35:03 AM,,,,,,,1
1666,4696090109,4696090109,CHIPLANA(FS-DLF),CHIPLANA(FS-DLF),1204,2,266,True,1,10/14/2020 9:35:03 AM,,,,,,,1
1667,4696220103,4696220103,KAMALPURA+KUNDIKHEDA DL(FS-DLF),KAMALPURA+KUNDIKHEDA DL(FS-DLF),316,2,267,True,1,10/14/2020 9:35:03 AM,,,,,,,1
1668,4696310103,4696310103,BHATREWAS IRRI(FS-IRR),BHATREWAS IRRI(FS-IRR),315,2,267,True,1,10/14/2020 9:35:03 AM,,,,,,,1
1669,4696500101,4696500101,ZAWAL(FS-IRR),ZAWAL(FS-IRR),912,2,267,True,1,10/14/2020 9:35:03 AM,,,,,,,1
1670,4696500108,4696500108,KHAJURI ANJANA IRR(FS-IRR),KHAJURI ANJANA IRR(FS-IRR),912,2,267,True,1,10/14/2020 9:35:03 AM,,,,,,,1
1671,4696720101,4696720101,DHAMNAR IRRI(FS-IRR),DHAMNAR IRRI(FS-IRR),841,2,271,True,1,10/14/2020 9:35:03 AM,,,,,,,1
1672,4696720102,4696720102,JOGIKHEDA DL(FS-DLF),JOGIKHEDA DL(FS-DLF),841,2,271,True,1,10/14/2020 9:35:03 AM,,,,,,,1
1673,4696720106,4696720106,KUMBHAKHEDI IRR(FS-IRR),KUMBHAKHEDI IRR(FS-IRR),841,2,268,True,1,10/14/2020 9:35:03 AM,,,,,,,1
1674,4696940105,4696940105,KARNA KHEDI(FS-IRR),KARNA KHEDI(FS-IRR),1395,2,270,True,1,10/14/2020 9:35:03 AM,,,,,,,1
1675,4696980101,4696980101,BHAVGARH(FS-IRR),BHAVGARH(FS-IRR),840,2,270,True,1,10/14/2020 9:35:03 AM,,,,,,,1
1676,4697070101,4697070101,BHANDARIYA IRR(FS-IRR),BHANDARIYA IRR(FS-IRR),1386,2,270,True,1,10/14/2020 9:35:03 AM,,,,,,,1
1677,4697070102,4697070102,GARODA DL(FS-DLF),GARODA DL(FS-DLF),1386,2,270,True,1,10/14/2020 9:35:03 AM,,,,,,,1
1678,4697140103,4697140103,TALAB IRR(FS-IRR),TALAB IRR(FS-IRR),1396,2,269,True,1,10/14/2020 9:35:03 AM,,,,,,,1
1679,4697160104,4697160104,GURADIYA SHAH(FS-DLF),GURADIYA SHAH(FS-DLF),916,2,269,True,1,10/14/2020 9:35:03 AM,,,,,,,1
1680,4697160106,4697160106,NIMBOD IRRI(FS-IRR),NIMBOD IRRI(FS-IRR),916,2,269,True,1,10/14/2020 9:35:03 AM,,,,,,,1
1681,4697160107,4697160107,BEHPUR DL(FS-DLF),BEHPUR DL(FS-DLF),916,2,269,True,1,10/14/2020 9:35:03 AM,,,,,,,1
1682,4697310108,4697310108,DALODA(THQ),DALODA(THQ),930,2,268,True,1,10/14/2020 9:35:03 AM,,,,,,,1
1683,4697310111,4697310111,FATEHGARH DL(FS-DLF),FATEHGARH DL(FS-DLF),930,2,263,True,1,10/14/2020 9:35:03 AM,,,,,,,1
1684,4697310112,4697310112,LAKHAMAKHEDI DL(FS-DLF),LAKHAMAKHEDI DL(FS-DLF),930,2,268,True,1,10/14/2020 9:35:03 AM,,,,,,,1
1685,4697590107,4697590107,KOLVI IRRI(FS-IRR),KOLVI IRRI(FS-IRR),519,2,290,True,1,10/14/2020 9:35:03 AM,,,,,,,1
1686,4697590108,4697590108,KOLVI(FS-DLF),KOLVI(FS-DLF),519,2,290,True,1,10/14/2020 9:35:03 AM,,,,,,,1
1687,4697610101,4697610101,BAJKHEDI(FS-IRR),BAJKHEDI(FS-IRR),1247,2,292,True,1,10/14/2020 9:35:03 AM,,,,,,,1
1688,4697610103,4697610103,KOTDA BAHADUR(FS-IRR),KOTDA BAHADUR(FS-IRR),1247,2,292,True,1,10/14/2020 9:35:03 AM,,,,,,,1
1689,4697870103,4697870103,ERA(FS-DLF),ERA(FS-DLF),1455,2,292,True,1,10/14/2020 9:35:03 AM,,,,,,,1
1690,4697870105,4697870105,ARNIYAGOD IRR(FS-IRR),ARNIYAGOD IRR(FS-IRR),1455,2,292,True,1,10/14/2020 9:35:03 AM,,,,,,,1
1691,4698520102,4698520102,PATLASI IRR(FS-IRR),PATLASI IRR(FS-IRR),457,2,289,True,1,10/14/2020 9:35:03 AM,,,,,,,1
1692,4698700103,4698700103,RALAYTA(FS-IRR),RALAYTA(FS-IRR),587,2,289,True,1,10/14/2020 9:35:03 AM,,,,,,,1
1693,4698700107,4698700107,DHATURIYA IRRIGATION(FS-IRR),DHATURIYA IRRIGATION(FS-IRR),587,2,289,True,1,10/14/2020 9:35:03 AM,,,,,,,1
1694,4695150105,4695150105,BUGLIYA DL(FS-DLF),BUGLIYA DL(FS-DLF),1424,2,265,True,1,10/14/2020 9:35:03 AM,,,,,,,1
1695,4695330105,4695330105,DHARIYA KHEDI(FS-DLF),DHARIYA KHEDI(FS-DLF),976,2,265,True,1,10/14/2020 9:35:03 AM,,,,,,,1
1696,4695450102,4695450102,DHIKOLA(FS-IRR),DHIKOLA(FS-IRR),1205,2,263,True,1,10/14/2020 9:35:03 AM,,,,,,,1
1697,4695450108,4695450108,BHUKI DL(FS-DLF),BHUKI DL(FS-DLF),1205,2,263,True,1,10/14/2020 9:35:03 AM,,,,,,,1
1698,4695650104,4695650104,GOURKHEDI DL(FS-DLF),GOURKHEDI DL(FS-DLF),975,2,264,True,1,10/14/2020 9:35:03 AM,,,,,,,1
1699,4695670104,4695670104,BADAKHEDI DL(FS-DLF),BADAKHEDI DL(FS-DLF),1423,2,264,True,1,10/14/2020 9:35:03 AM,,,,,,,1
1700,4695990103,4695990103,NIRDHARI(FS-IRR),NIRDHARI(FS-IRR),368,2,266,True,1,10/14/2020 9:35:03 AM,,,,,,,1
1701,4695990107,4695990107,SEMLI IRR(FS-IRR),SEMLI IRR(FS-IRR),368,2,266,True,1,10/14/2020 9:35:03 AM,,,,,,,1
1702,4696090101,4696090101,BILANTRI IRRI(FS-IRR),BILANTRI IRRI(FS-IRR),1204,2,266,True,1,10/14/2020 9:35:03 AM,,,,,,,1
1703,4696090110,4696090110,HANSALI DL(FS-DLF),HANSALI DL(FS-DLF),1204,2,266,True,1,10/14/2020 9:35:03 AM,,,,,,,1
1704,4696380104,4696380104,BAGIYA DL(FS-DLF),BAGIYA DL(FS-DLF),914,2,263,True,1,10/14/2020 9:35:03 AM,,,,,,,1
1705,4696410104,4696410104,11 KV SIKHEDI DL(FS-DLF),11 KV SIKHEDI DL(FS-DLF),206,2,271,True,1,10/14/2020 9:35:03 AM,,,,,,,1
1706,4696500106,4696500106,LAUKHEDI(FS-IRR),LAUKHEDI(FS-IRR),912,2,267,True,1,10/14/2020 9:35:03 AM,,,,,,,1
1707,4696870102,4696870102,MANGROLA IRR(FS-IRR),MANGROLA IRR(FS-IRR),405,2,270,True,1,10/14/2020 9:35:03 AM,,,,,,,1
1708,4696940103,4696940103,AKODARA(FS-IRR),AKODARA(FS-IRR),1395,2,270,True,1,10/14/2020 9:35:03 AM,,,,,,,1
1709,4696940111,4696940111,KARJU DL(FS-DLF),KARJU DL(FS-DLF),1395,2,270,True,1,10/14/2020 9:35:03 AM,,,,,,,1
1710,4697140101,4697140101,KHODANA DL(FS-DLF),KHODANA DL(FS-DLF),1396,2,269,True,1,10/14/2020 9:35:03 AM,,,,,,,1
1711,4697160103,4697160103,BEHPUR NEW(FS-IRR),BEHPUR NEW(FS-IRR),916,2,269,True,1,10/14/2020 9:35:03 AM,,,,,,,1
1712,4697160108,4697160108,CHANDAKHEDI IRR(FS-IRR),CHANDAKHEDI IRR(FS-IRR),916,2,269,True,1,10/14/2020 9:35:03 AM,,,,,,,1
1713,4697240102,4697240102,AKYA IRRIGATION(FS-IRR),AKYA IRRIGATION(FS-IRR),947,2,269,True,1,10/14/2020 9:35:03 AM,,,,,,,1
1714,4697270105,4697270105,KACHNARA DL(FS-DLF),KACHNARA DL(FS-DLF),935,2,269,True,1,10/14/2020 9:35:03 AM,,,,,,,1
1715,4697270106,4697270106,PATLAWAD IRR(FS-IRR),PATLAWAD IRR(FS-IRR),935,2,269,True,1,10/14/2020 9:35:03 AM,,,,,,,1
1716,4697310105,4697310105,NEW PATELA IRRI(FS-IRR),NEW PATELA IRRI(FS-IRR),930,2,268,True,1,10/14/2020 9:35:03 AM,,,,,,,1
1717,4697310106,4697310106,LASUDAWAN IRR(FS-IRR),LASUDAWAN IRR(FS-IRR),930,2,333,True,1,10/14/2020 9:35:03 AM,,,,,,,1
1718,4697330103,4697330103,KHANU KHEDI DL(FS-DLF),KHANU KHEDI DL(FS-DLF),589,2,290,True,1,10/14/2020 9:35:03 AM,,,,,,,1
1719,4697330105,4697330105,KHANU KHEDI IRRIGATION(FS-IRR),KHANU KHEDI IRRIGATION(FS-IRR),589,2,290,True,1,10/14/2020 9:35:03 AM,,,,,,,1
1720,4697330108,4697330108,NAHARGARH(FS-DLF),NAHARGARH(FS-DLF),589,2,290,True,1,10/14/2020 9:35:03 AM,,,,,,,1
1721,4697580102,4697580102,BARDIYA(FS-IRR),BARDIYA(FS-IRR),127,2,290,True,1,10/14/2020 9:35:03 AM,,,,,,,1
1722,4697580103,4697580103,NATARAM(FS-DLF),NATARAM(FS-DLF),127,2,290,True,1,10/14/2020 9:35:03 AM,,,,,,,1
1723,4697590103,4697590103,RANAYARA IRRI(FS-IRR),RANAYARA IRRI(FS-IRR),519,2,290,True,1,10/14/2020 9:35:03 AM,,,,,,,1
1724,4697590109,4697590109,RISTHAL(FS-DLF),RISTHAL(FS-DLF),519,2,290,True,1,10/14/2020 9:35:03 AM,,,,,,,1
1725,4697650102,4697650102,KOLVI(FS-IRR),KOLVI(FS-IRR),458,2,290,True,1,10/14/2020 9:35:03 AM,,,,,,,1
1726,4697650103,4697650103,RANAYARA IRRI(FS-IRR),RANAYARA IRRI(FS-IRR),458,2,290,True,1,10/14/2020 9:35:03 AM,,,,,,,1
1727,4698610101,4698610101,ISHAKPUR IRR(FS-IRR),ISHAKPUR IRR(FS-IRR),588,2,291,True,1,10/14/2020 9:35:03 AM,,,,,,,1
1728,4698610103,4698610103,SEDRAMATA(FS-IRR),SEDRAMATA(FS-IRR),588,2,289,True,1,10/14/2020 9:35:03 AM,,,,,,,1
1729,4698980106,4698980106,RAHIMGARH/FATEHGARH(FS-DLF),RAHIMGARH/FATEHGARH(FS-DLF),1155,2,292,True,1,10/14/2020 9:35:03 AM,,,,,,,1
1730,4698980109,4698980109,KHETAKHEDA(FS-IRR),KHETAKHEDA(FS-IRR),1155,2,292,True,1,10/14/2020 9:35:03 AM,,,,,,,1
1731,4699440101,4699440101,DHABLA DEWAL IRR(FS-IRR),DHABLA DEWAL IRR(FS-IRR),583,2,293,True,1,10/14/2020 9:35:03 AM,,,,,,,1
1732,4699870102,4699870102,KALUKHEDA (DLF)(FS-DLF),KALUKHEDA (DLF)(FS-DLF),271,2,323,True,1,10/14/2020 9:35:03 AM,,,,,,,1
1733,4699870103,4699870103,KALUKHEDA (IRR)(FS-IRR),KALUKHEDA (IRR)(FS-IRR),271,2,323,True,1,10/14/2020 9:35:03 AM,,,,,,,1
1734,4699870107,4699870107,CHIPIYA(FS-IRR),CHIPIYA(FS-IRR),271,2,323,True,1,10/14/2020 9:35:03 AM,,,,,,,1
1735,4699870108,4699870108,BHATKHEDA IRR(FS-IRR),BHATKHEDA IRR(FS-IRR),271,2,323,True,1,10/14/2020 9:35:03 AM,,,,,,,1
1736,4699980104,4699980104,PANCHEWA (DLF)(FS-DLF),PANCHEWA (DLF)(FS-DLF),1365,2,321,True,1,10/14/2020 9:35:03 AM,,,,,,,1
1737,4699980105,4699980105,NEW SUJAPUR(FS-IRR),NEW SUJAPUR(FS-IRR),1365,2,321,True,1,10/14/2020 9:35:03 AM,,,,,,,1
1738,4700150106,4700150106,INDRAWAL(FS-DLF),INDRAWAL(FS-DLF),1112,2,342,True,1,10/14/2020 9:35:03 AM,,,,,,,1
1739,4700190107,4700190107,SUKHEDA DLF(FS-DLF),SUKHEDA DLF(FS-DLF),275,2,321,True,1,10/14/2020 9:35:03 AM,,,,,,,1
1740,4700190108,4700190108,MAUKHEDI(FS-DLF),MAUKHEDI(FS-DLF),275,2,321,True,1,10/14/2020 9:35:03 AM,,,,,,,1
1741,4700490102,4700490102,KUSHAL GARH(FS-IRR),KUSHAL GARH(FS-IRR),38,2,322,True,1,10/14/2020 9:35:03 AM,,,,,,,1
1742,4700490103,4700490103,HATNARA VILLAGE DLF)(FS-DLF),HATNARA VILLAGE DLF)(FS-DLF),38,2,322,True,1,10/14/2020 9:35:03 AM,,,,,,,1
1743,4700550103,4700550103,SOHANGARH(FS-IRR),SOHANGARH(FS-IRR),883,2,320,True,1,10/14/2020 9:35:03 AM,,,,,,,1
1744,4700610102,4700610102,LUHARI(FS-IRR),LUHARI(FS-IRR),881,2,320,True,1,10/14/2020 9:35:03 AM,,,,,,,1
1745,4700870101,4700870101,MANDVI (IRR)(FS-IRR),MANDVI (IRR)(FS-IRR),676,2,327,True,1,10/14/2020 9:35:03 AM,,,,,,,1
1746,4700900102,4700900102,PIPLIYA JODHA(FS-IRR),PIPLIYA JODHA(FS-IRR),189,2,324,True,1,10/14/2020 9:35:03 AM,,,,,,,1
1747,4701040103,4701040103,RINGNOD(DLF)(FS-DLF),RINGNOD(DLF)(FS-DLF),828,2,327,True,1,10/14/2020 9:35:03 AM,,,,,,,1
1748,4701040104,4701040104,KAMLIYA(FS-IRR),KAMLIYA(FS-IRR),828,2,327,True,1,10/14/2020 9:35:03 AM,,,,,,,1
1749,4701040105,4701040105,GOTHDA-NEW(FS-IRR),GOTHDA-NEW(FS-IRR),828,2,327,True,1,10/14/2020 9:35:03 AM,,,,,,,1
1750,4701440104,4701440104,ROJANA-ALAMPUR-THIKRIYA-JHALWA(DLF)(FS-DLF),ROJANA-ALAMPUR-THIKRIYA-JHALWA(DLF)(FS-DLF),829,2,325,True,1,10/14/2020 9:35:03 AM,,,,,,,1
1751,4701770102,4701770102,LASUDIYA JANGLI(FS-IRR),LASUDIYA JANGLI(FS-IRR),882,2,328,True,1,10/14/2020 9:35:03 AM,,,,,,,1
1752,4701770103,4701770103,KHAJURIYA(FS-IRR),KHAJURIYA(FS-IRR),882,2,328,True,1,10/14/2020 9:35:03 AM,,,,,,,1
1753,4702020106,4702020106,BHUTEDA-SADAKHEDI-SARSI DLF(FS-DLF),BHUTEDA-SADAKHEDI-SARSI DLF(FS-DLF),830,2,326,True,1,10/14/2020 9:35:03 AM,,,,,,,1
1754,4702400103,4702400103,BAJPUR(IRR)(FS-IRR),BAJPUR(IRR)(FS-IRR),711,2,334,True,1,10/14/2020 9:35:03 AM,,,,,,,1
1755,2590302071,2590302071,NEWYORK CITY 1(CHQ),NEWYORK CITY 1(CHQ),758,2,208,True,1,10/14/2020 9:35:03 AM,,,,,,,1
1756,4576500101,4576500101,UMARKHALI(FS-DLF),UMARKHALI(FS-DLF),718,2,473,True,1,10/14/2020 9:35:03 AM,,,,,,,1
1757,4576500103,4576500103,KOTA BUJURG(FS-IRR),KOTA BUJURG(FS-IRR),718,2,473,True,1,10/14/2020 9:35:03 AM,,,,,,,1
1758,4591310102,4591310102,11 KV CHOKI DLF(FS-DLF),11 KV CHOKI DLF(FS-DLF),1379,2,255,True,1,10/14/2020 9:35:03 AM,,,,,,,1
1759,4682400103,4682400103,PANOLI(FS-IRR),PANOLI(FS-IRR),365,2,301,True,1,10/14/2020 9:35:03 AM,,,,,,,1
1760,4682400107,4682400107,CHIRMIKHEDA(FS-IRR),CHIRMIKHEDA(FS-IRR),365,2,301,True,1,10/14/2020 9:35:03 AM,,,,,,,1
1761,4683100105,4683100105,SUKHANAND(IRR)(FS-IRR),SUKHANAND(IRR)(FS-IRR),970,2,304,True,1,10/14/2020 9:35:03 AM,,,,,,,1
1762,4683100108,4683100108,MEGHPURA DLF(FS-DLF),MEGHPURA DLF(FS-DLF),970,2,304,True,1,10/14/2020 9:35:03 AM,,,,,,,1
1763,4683100203,4683100203,KELUKHEDA DL(FS-DLF),KELUKHEDA DL(FS-DLF),1201,2,304,True,1,10/14/2020 9:35:03 AM,,,,,,,1
1764,4683180101,4683180101,NAYAGAON (DLF)(FS-DLF),NAYAGAON (DLF)(FS-DLF),395,2,305,True,1,10/14/2020 9:35:03 AM,,,,,,,1
1765,4683180103,4683180103,PATRIPAR(FS-IRR),PATRIPAR(FS-IRR),395,2,305,True,1,10/14/2020 9:35:03 AM,,,,,,,1
1766,4683180104,4683180104,EXPRESS(FS-DLF),EXPRESS(FS-DLF),395,2,305,True,1,10/14/2020 9:35:03 AM,,,,,,,1
1767,4683180105,4683180105,HANUMAN JEE(FS-IRR),HANUMAN JEE(FS-IRR),395,2,305,True,1,10/14/2020 9:35:03 AM,,,,,,,1
1768,4683181103,4683181103,KESHARPURA(IRR)(FS-IRR),KESHARPURA(IRR)(FS-IRR),395,2,305,True,1,10/14/2020 9:35:03 AM,,,,,,,1
1769,4683510101,4683510101,LASOOR(FS-IRR),LASOOR(FS-IRR),1108,2,302,True,1,10/14/2020 9:35:03 AM,,,,,,,1
1770,4683560102,4683560102,BARADA(FS-DLF),BARADA(FS-DLF),726,2,302,True,1,10/14/2020 9:35:03 AM,,,,,,,1
1771,4683560103,4683560103,JAGEPUR(FS-IRR),JAGEPUR(FS-IRR),726,2,301,True,1,10/14/2020 9:35:03 AM,,,,,,,1
1772,4683810102,4683810102,LALGANJ(FS-IRR),LALGANJ(FS-IRR),1388,2,299,True,1,10/14/2020 9:35:03 AM,,,,,,,1
1773,4683810104,4683810104,FUSARIYA(FS-DLF),FUSARIYA(FS-DLF),1388,2,299,True,1,10/14/2020 9:35:03 AM,,,,,,,1
1774,4684790101,4684790101,DHABLA KALAN(FS-IRR),DHABLA KALAN(FS-IRR),1391,2,300,True,1,10/14/2020 9:35:03 AM,,,,,,,1
1775,4685760104,4685760104,KANAWATI IRR(FS-IRR),KANAWATI IRR(FS-IRR),394,2,283,True,1,10/14/2020 9:35:03 AM,,,,,,,1
1776,4685930103,4685930103,MALKHEDA (NIPANIYA)(FS-DLF),MALKHEDA (NIPANIYA)(FS-DLF),1316,2,283,True,1,10/14/2020 9:35:03 AM,,,,,,,1
1777,4686080101,4686080101,GIRDORA DLF(FS-DLF),GIRDORA DLF(FS-DLF),775,2,283,True,1,10/14/2020 9:35:03 AM,,,,,,,1
1778,4686500101,4686500101,BORDIYA(FS-IRR),BORDIYA(FS-IRR),1312,2,288,True,1,10/14/2020 9:35:03 AM,,,,,,,1
1779,4686500104,4686500104,DHABA(FS-DLF),DHABA(FS-DLF),1312,2,288,True,1,10/14/2020 9:35:03 AM,,,,,,,1
1780,4687260106,4687260106,HARNAWDA(FS-DLF),HARNAWDA(FS-DLF),1198,2,285,True,1,10/14/2020 9:35:03 AM,,,,,,,1
1781,4687540101,4687540101,KUCHROD(FS-IRR),KUCHROD(FS-IRR),822,2,287,True,1,10/14/2020 9:35:03 AM,,,,,,,1
1782,4687690106,4687690106,KANJARDA(DL)(FS-DLF),KANJARDA(DL)(FS-DLF),35,2,313,True,1,10/14/2020 9:35:03 AM,,,,,,,1
1783,4687690109,4687690109,DUNIYA TALAI(FS-IRR),DUNIYA TALAI(FS-IRR),579,2,313,True,1,10/14/2020 9:35:03 AM,,,,,,,1
1784,4687690110,4687690110,NAGADI MATA(FS-IRR),NAGADI MATA(FS-IRR),579,2,313,True,1,10/14/2020 9:35:03 AM,,,,,,,1
1785,4688230105,4688230105,POKHARDA(FS-DLF),POKHARDA(FS-DLF),515,2,311,True,1,10/14/2020 9:35:03 AM,,,,,,,1
1786,4688560106,4688560106,RAISINGHPURA(FS-DLF),RAISINGHPURA(FS-DLF),33,2,315,True,1,10/14/2020 9:35:03 AM,,,,,,,1
1787,4688560108,4688560108,DENTHAL(FS-IRR),DENTHAL(FS-IRR),119,2,314,True,1,10/14/2020 9:35:03 AM,,,,,,,1
1788,4688760101,4688760101,GHOTA PIPLIYA(FS-IRR),GHOTA PIPLIYA(FS-IRR),451,2,308,True,1,10/14/2020 9:35:03 AM,,,,,,,1
1789,4688760103,4688760103,HADI PIPLIYA(FS-IRR),HADI PIPLIYA(FS-IRR),451,2,308,True,1,10/14/2020 9:35:03 AM,,,,,,,1
1790,4689020102,4689020102,ANTRI(FS-IRR),ANTRI(FS-IRR),100,2,314,True,1,10/14/2020 9:35:03 AM,,,,,,,1
1791,4689020105,4689020105,KHAJURI(FS-DLF),KHAJURI(FS-DLF),100,2,314,True,1,10/14/2020 9:35:03 AM,,,,,,,1
1792,4689490102,4689490102,BESLA(FS-IRR),BESLA(FS-IRR),1093,2,307,True,1,10/14/2020 9:35:03 AM,,,,,,,1
1793,4689490104,4689490104,CHANDRAPURA(FS-IRR),CHANDRAPURA(FS-IRR),1093,2,307,True,1,10/14/2020 9:35:03 AM,,,,,,,1
1794,4689780105,4689780105,AAMAD KHEDI(FS-DLF),AAMAD KHEDI(FS-DLF),581,2,309,True,1,10/14/2020 9:35:03 AM,,,,,,,1
1795,4690700103,4690700103,MITTHAN KHEDI IRR(FS-IRR),MITTHAN KHEDI IRR(FS-IRR),289,2,257,True,1,10/14/2020 9:35:03 AM,,,,,,,1
1796,4690750105,4690750105,SAKLECHA(FS-DLF),SAKLECHA(FS-DLF),370,2,257,True,1,10/14/2020 9:35:03 AM,,,,,,,1
1797,4690860104,4690860104,PREMPURIYA(FS-DLF),PREMPURIYA(FS-DLF),909,2,258,True,1,10/14/2020 9:35:03 AM,,,,,,,1
1798,4690860105,4690860105,NAWALEE(FS-DLF),NAWALEE(FS-DLF),909,2,258,True,1,10/14/2020 9:35:03 AM,,,,,,,1
1799,4691040102,4691040102,SANDHARA IRRI(FS-IRR),SANDHARA IRRI(FS-IRR),906,2,255,True,1,10/14/2020 9:35:03 AM,,,,,,,1
1800,4691040107,4691040107,NIMTHUR(FS-IRR),NIMTHUR(FS-IRR),906,2,255,True,1,10/14/2020 9:35:03 AM,,,,,,,1
1801,4691160101,4691160101,BHAGWANPURA(FS-DLF),BHAGWANPURA(FS-DLF),905,2,254,True,1,10/14/2020 9:35:03 AM,,,,,,,1
1802,4691550103,4691550103,LASUDIYA(FS-IRR),LASUDIYA(FS-IRR),1137,2,273,True,1,10/14/2020 9:35:03 AM,,,,,,,1
1803,4691660102,4691660102,BADPUR DL(FS-DLF),BADPUR DL(FS-DLF),789,2,275,True,1,10/14/2020 9:35:03 AM,,,,,,,1
1804,4692130103,4692130103,LASUDIYA RATHOR(FS-IRR),LASUDIYA RATHOR(FS-IRR),552,2,276,True,1,10/14/2020 9:35:03 AM,,,,,,,1
1805,4692400101,4692400101,SANJEET IRR(FS-IRR),SANJEET IRR(FS-IRR),625,2,275,True,1,10/14/2020 9:35:03 AM,,,,,,,1
1806,4692560104,4692560104,ANTRI KHURD DL(FS-DLF),ANTRI KHURD DL(FS-DLF),553,2,275,True,1,10/14/2020 9:35:03 AM,,,,,,,1
1807,4692820102,4692820102,SUDWAS IRRIGATION(FS-IRR),SUDWAS IRRIGATION(FS-IRR),632,2,279,True,1,10/14/2020 9:35:03 AM,,,,,,,1
1808,4692820105,4692820105,SANJEET(FS-DLF),SANJEET(FS-DLF),632,2,279,True,1,10/14/2020 9:35:03 AM,,,,,,,1
1809,4693210101,4693210101,MORDI(FS-IRR),MORDI(FS-IRR),371,2,259,True,1,10/14/2020 9:35:03 AM,,,,,,,1
1810,4693410102,4693410102,CHACHAVADA(FS-IRR),CHACHAVADA(FS-IRR),287,2,259,True,1,10/14/2020 9:35:03 AM,,,,,,,1
1811,4693430105,4693430105,GARIYAKHEDI(FS-DLF),GARIYAKHEDI(FS-DLF),288,2,252,True,1,10/14/2020 9:35:03 AM,,,,,,,1
1812,4693660102,4693660102,BASGON IRR(FS-IRR),BASGON IRR(FS-IRR),845,2,251,True,1,10/14/2020 9:35:03 AM,,,,,,,1
1813,4693820103,4693820103,NAL KHEDA(FS-IRR),NAL KHEDA(FS-IRR),372,2,253,True,1,10/14/2020 9:35:03 AM,,,,,,,1
1814,4693930105,4693930105,PIPLIYA MITTESHA(FS-IRR),PIPLIYA MITTESHA(FS-IRR),937,2,251,True,1,10/14/2020 9:35:03 AM,,,,,,,1
1815,4694090101,4694090101,PAWATI IRRI(FS-IRR),PAWATI IRRI(FS-IRR),936,2,253,True,1,10/14/2020 9:35:03 AM,,,,,,,1
1816,4694500104,4694500104,RAM KHEDI IRRIGATION(FS-IRR),RAM KHEDI IRRIGATION(FS-IRR),742,2,259,True,1,10/14/2020 9:35:03 AM,,,,,,,1
1817,4694500106,4694500106,BHUNDIYA IRR(FS-IRR),BHUNDIYA IRR(FS-IRR),742,2,259,True,1,10/14/2020 9:35:03 AM,,,,,,,1
1818,4682400104,4682400104,LAXMIPURA(FS-DLF),LAXMIPURA(FS-DLF),365,2,301,True,1,10/14/2020 9:35:03 AM,,,,,,,1
1819,4682680104,4682680104,B.BHATTI(FS-IRR),B.BHATTI(FS-IRR),1417,2,302,True,1,10/14/2020 9:35:03 AM,,,,,,,1
1820,4682680106,4682680106,MORWAN DL(FS-DLF),MORWAN DL(FS-DLF),1417,2,302,True,1,10/14/2020 9:35:03 AM,,,,,,,1
1821,4682950103,4682950103,RUPPURA(FS-DLF),RUPPURA(FS-DLF),971,2,302,True,1,10/14/2020 9:35:03 AM,,,,,,,1
1822,4683030101,4683030101,SARODA(FS-IRR),SARODA(FS-IRR),1418,2,304,True,1,10/14/2020 9:35:03 AM,,,,,,,1
1823,4683100103,4683100103,ATHANA (IRR)(FS-IRR),ATHANA (IRR)(FS-IRR),970,2,304,True,1,10/14/2020 9:35:03 AM,,,,,,,1
1824,4683100107,4683100107,HANUMANTIYA(FS-IRR),HANUMANTIYA(FS-IRR),970,2,297,True,1,10/14/2020 9:35:03 AM,,,,,,,1
1825,4683180102,4683180102,KESARPURA DL(FS-DLF),KESARPURA DL(FS-DLF),395,2,305,True,1,10/14/2020 9:35:03 AM,,,,,,,1
1826,4683400105,4683400105,MODI(FS-IRR),MODI(FS-IRR),729,2,303,True,1,10/14/2020 9:35:03 AM,,,,,,,1
1827,4683560101,4683560101,DHAMNIYA(FS-IRR),DHAMNIYA(FS-IRR),726,2,302,True,1,10/14/2020 9:35:03 AM,,,,,,,1
1828,4683720101,4683720101,ARNIYA(FS-DLF),ARNIYA(FS-DLF),367,2,299,True,1,10/14/2020 9:35:03 AM,,,,,,,1
1829,4683810103,4683810103,DHANGAON(FS-DLF),DHANGAON(FS-DLF),1388,2,299,True,1,10/14/2020 9:35:03 AM,,,,,,,1
1830,4684140104,4684140104,KADWASA(FS-IRR),KADWASA(FS-IRR),369,2,300,True,1,10/14/2020 9:35:03 AM,,,,,,,1
1831,4684140105,4684140105,KISHANPURA(FS-IRR),KISHANPURA(FS-IRR),369,2,300,True,1,10/14/2020 9:35:03 AM,,,,,,,1
1832,4684710101,4684710101,UMMED PURA(FS-IRR),UMMED PURA(FS-IRR),284,2,300,True,1,10/14/2020 9:35:03 AM,,,,,,,1
1833,4685030104,4685030104,GWALIORKALAN(FS-IRR),GWALIORKALAN(FS-IRR),366,2,306,True,1,10/14/2020 9:35:03 AM,,,,,,,1
1834,4685030106,4685030106,JAT(FS-IRR),JAT(FS-IRR),366,2,306,True,1,10/14/2020 9:35:03 AM,,,,,,,1
1835,4685030107,4685030107,KIRTA(FS-DLF),KIRTA(FS-DLF),366,2,306,True,1,10/14/2020 9:35:03 AM,,,,,,,1
1836,4685580103,4685580103,DARU(FS-DLF),DARU(FS-DLF),1416,2,284,True,1,10/14/2020 9:35:03 AM,,,,,,,1
1837,4685600102,4685600102,BHIMPURA(FS-IRR),BHIMPURA(FS-IRR),391,2,285,True,1,10/14/2020 9:35:03 AM,,,,,,,1
1838,4685700102,4685700102,BAMAN BARDI(FS-IRR),BAMAN BARDI(FS-IRR),1019,2,284,True,1,10/14/2020 9:35:03 AM,,,,,,,1
1839,4685820102,4685820102,DHANERIYA(FS-DLF),DHANERIYA(FS-DLF),1199,2,284,True,1,10/14/2020 9:35:03 AM,,,,,,,1
1840,4686080103,4686080103,RAWATKHEDA(FS-IRR),RAWATKHEDA(FS-IRR),775,2,283,True,1,10/14/2020 9:35:03 AM,,,,,,,1
1841,4686080104,4686080104,11KV PIPLIYA HADA IRR(FS-IRR),11KV PIPLIYA HADA IRR(FS-IRR),775,2,283,True,1,10/14/2020 9:35:03 AM,,,,,,,1
1842,4686160101,4686160101,BORKHEDI(FS-IRR),BORKHEDI(FS-IRR),1182,2,286,True,1,10/14/2020 9:35:03 AM,,,,,,,1
1843,4686460104,4686460104,SAWAN(FS-IRR),SAWAN(FS-IRR),777,2,288,True,1,10/14/2020 9:35:03 AM,,,,,,,1
1844,4686500105,4686500105,MANGROL(FS-DLF),MANGROL(FS-DLF),1312,2,286,True,1,10/14/2020 9:35:03 AM,,,,,,,1
1845,4686790105,4686790105,JAISINGH PURA(FS-IRR),JAISINGH PURA(FS-IRR),393,2,283,True,1,10/14/2020 9:35:03 AM,,,,,,,1
1846,4686800102,4686800102,PIPLIYAVYAS IRR(FS-IRR),PIPLIYAVYAS IRR(FS-IRR),1181,2,286,True,1,10/14/2020 9:35:03 AM,,,,,,,1
1847,4687260102,4687260102,CHAINPURIA(FS-IRR),CHAINPURIA(FS-IRR),1198,2,285,True,1,10/14/2020 9:35:03 AM,,,,,,,1
1848,4687260108,4687260108,JAMNAGAR(FS-IRR),JAMNAGAR(FS-IRR),1198,2,285,True,1,10/14/2020 9:35:03 AM,,,,,,,1
1849,4687440104,4687440104,BHANWRASA(FS-DLF),BHANWRASA(FS-DLF),1274,2,286,True,1,10/14/2020 9:35:03 AM,,,,,,,1
1850,4687440203,4687440203,MALYA(FS-DLF),MALYA(FS-DLF),1313,2,283,True,1,10/14/2020 9:35:03 AM,,,,,,,1
1851,4687540102,4687540102,PARASALI(FS-IRR),PARASALI(FS-IRR),822,2,287,True,1,10/14/2020 9:35:03 AM,,,,,,,1
1852,4688160101,4688160101,BAWADA(FS-IRR),BAWADA(FS-IRR),30,2,297,True,1,10/14/2020 9:35:03 AM,,,,,,,1
1853,4688230103,4688230103,MALAHEDA(FS-IRR),MALAHEDA(FS-IRR),515,2,312,True,1,10/14/2020 9:35:03 AM,,,,,,,1
1854,4688230104,4688230104,BHATKHEDI(FS-IRR),BHATKHEDI(FS-IRR),515,2,312,True,1,10/14/2020 9:35:03 AM,,,,,,,1
1855,4688560101,4688560101,SUNDI(FS-DLF),SUNDI(FS-DLF),104,2,315,True,1,10/14/2020 9:35:03 AM,,,,,,,1
1856,4688560104,4688560104,NALWA(FS-DLF),NALWA(FS-DLF),104,2,314,True,1,10/14/2020 9:35:03 AM,,,,,,,1
1857,4688660101,4688660101,MAHAGARH(FS-IRR),MAHAGARH(FS-IRR),452,2,315,True,1,10/14/2020 9:35:03 AM,,,,,,,1
1858,4688660103,4688660103,BARTHUN(FS-DLF),BARTHUN(FS-DLF),452,2,315,True,1,10/14/2020 9:35:03 AM,,,,,,,1
1859,4688660108,4688660108,DEORI(FS-IRR),DEORI(FS-IRR),452,2,315,True,1,10/14/2020 9:35:03 AM,,,,,,,1
1860,4688760106,4688760106,MOKADI(FS-IRR),MOKADI(FS-IRR),451,2,308,True,1,10/14/2020 9:35:03 AM,,,,,,,1
1861,4689490103,4689490103,BHUJ(FS-DLF),BHUJ(FS-DLF),1093,2,307,True,1,10/14/2020 9:35:03 AM,,,,,,,1
1862,4689780101,4689780101,TALAU(FS-IRR),TALAU(FS-IRR),581,2,309,True,1,10/14/2020 9:35:03 AM,,,,,,,1
1863,4689780102,4689780102,HATUNIYA(FS-IRR),HATUNIYA(FS-IRR),581,2,308,True,1,10/14/2020 9:35:03 AM,,,,,,,1
1864,4689780108,4689780108,BASANTPUR(FS-DLF),BASANTPUR(FS-DLF),581,2,307,True,1,10/14/2020 9:35:03 AM,,,,,,,1
1865,4690700102,4690700102,SATALKHEDI IRR(FS-IRR),SATALKHEDI IRR(FS-IRR),289,2,257,True,1,10/14/2020 9:35:03 AM,,,,,,,1
1866,4690790101,4690790101,KANWLA IRRI(FS-IRR),KANWLA IRRI(FS-IRR),934,2,257,True,1,10/14/2020 9:35:03 AM,,,,,,,1
1867,4690790102,4690790102,SANJALPUR IRRI(FS-IRR),SANJALPUR IRRI(FS-IRR),934,2,257,True,1,10/14/2020 9:35:03 AM,,,,,,,1
1868,4690790103,4690790103,KANWLA +SANJALPUR DL(FS-DLF),KANWLA +SANJALPUR DL(FS-DLF),934,2,257,True,1,10/14/2020 9:35:03 AM,,,,,,,1
1869,4690860101,4690860101,PREMPURIYA(FS-IRR),PREMPURIYA(FS-IRR),909,2,258,True,1,10/14/2020 9:35:03 AM,,,,,,,1
1870,4691040103,4691040103,SANADA(FS-IRR),SANADA(FS-IRR),906,2,255,True,1,10/14/2020 9:35:03 AM,,,,,,,1
1871,4691040104,4691040104,KALAKOT DL(FS-DLF),KALAKOT DL(FS-DLF),906,2,255,True,1,10/14/2020 9:35:03 AM,,,,,,,1
1872,4691580101,4691580101,HARMALA(FS-IRR),HARMALA(FS-IRR),614,2,277,True,1,10/14/2020 9:35:03 AM,,,,,,,1
1873,4691580103,4691580103,GOPALPURA IRRI(FS-IRR),GOPALPURA IRRI(FS-IRR),614,2,277,True,1,10/14/2020 9:35:03 AM,,,,,,,1
1874,4691580104,4691580104,ABHAKHEDI DL(FS-DLF),ABHAKHEDI DL(FS-DLF),614,2,277,True,1,10/14/2020 9:35:03 AM,,,,,,,1
1875,4691920105,4691920105,SEMLI(FS-IRR),SEMLI(FS-IRR),139,2,278,True,1,10/14/2020 9:35:03 AM,,,,,,,1
1876,4691920106,4691920106,SONI DL(FS-DLF),SONI DL(FS-DLF),139,2,278,True,1,10/14/2020 9:35:03 AM,,,,,,,1
1877,4691970103,4691970103,NALIKHEDA IRRI(FS-IRR),NALIKHEDA IRRI(FS-IRR),1134,2,278,True,1,10/14/2020 9:35:03 AM,,,,,,,1
1878,4691970106,4691970106,BALAGUDA DL(FS-DLF),BALAGUDA DL(FS-DLF),1134,2,281,True,1,10/14/2020 9:35:03 AM,,,,,,,1
1879,4692150103,4692150103,BOTALGANJ DL(FS-DLF),BOTALGANJ DL(FS-DLF),317,2,265,True,1,10/14/2020 9:35:03 AM,,,,,,,1
1880,4692250103,4692250103,DHODIYA MEENA(FS-DLF),DHODIYA MEENA(FS-DLF),626,2,280,True,1,10/14/2020 9:35:03 AM,,,,,,,1
1881,4692400106,4692400106,BUDHA DL(FS-DLF),BUDHA DL(FS-DLF),625,2,275,True,1,10/14/2020 9:35:03 AM,,,,,,,1
1882,3270010103,3270010103,KANPURI FSDLF(FS-DLF),KANPURI FSDLF(FS-DLF),22,2,503,True,1,10/14/2020 9:35:03 AM,,,,,,,1
1883,4591310101,4591310101,11 KV KESOA DLF(FS-DLF),11 KV KESOA DLF(FS-DLF),1379,2,256,True,1,10/14/2020 9:35:03 AM,,,,,,,1
1884,4682400102,4682400102,DAROLI(FS-IRR),DAROLI(FS-IRR),365,2,301,True,1,10/14/2020 9:35:03 AM,,,,,,,1
1885,4682680103,4682680103,KUNDLA(FS-IRR),KUNDLA(FS-IRR),1417,2,302,True,1,10/14/2020 9:35:03 AM,,,,,,,1
1886,4683030102,4683030102,ATTA (DL)(FS-DLF),ATTA (DL)(FS-DLF),1418,2,304,True,1,10/14/2020 9:35:03 AM,,,,,,,1
1887,4683100101,4683100101,ATHANA(DLF)(FS-DLF),ATHANA(DLF)(FS-DLF),970,2,304,True,1,10/14/2020 9:35:03 AM,,,,,,,1
1888,4683720102,4683720102,THADOD(FS-DLF),THADOD(FS-DLF),367,2,299,True,1,10/14/2020 9:35:03 AM,,,,,,,1
1889,4683721102,4683721102,BADAWADA(FS-IRR),BADAWADA(FS-IRR),367,2,299,True,1,10/14/2020 9:35:03 AM,,,,,,,1
1890,4683810107,4683810107,11KV BADI IRR(FS-IRR),11KV BADI IRR(FS-IRR),1388,2,299,True,1,10/14/2020 9:35:03 AM,,,,,,,1
1891,4684140101,4684140101,KOJYA(FS-IRR),KOJYA(FS-IRR),369,2,299,True,1,10/14/2020 9:35:03 AM,,,,,,,1
1892,4684140102,4684140102,SENATALAI(FS-IRR),SENATALAI(FS-IRR),369,2,299,True,1,10/14/2020 9:35:03 AM,,,,,,,1
1893,4684270105,4684270105,KADAWASA(FS-IRR),KADAWASA(FS-IRR),1389,2,300,True,1,10/14/2020 9:35:03 AM,,,,,,,1
1894,4684270106,4684270106,KADWASA(FS-DLF),KADWASA(FS-DLF),1389,2,300,True,1,10/14/2020 9:35:03 AM,,,,,,,1
1895,4684270201,4684270201,KANKTIYA TALAI(FS-IRR),KANKTIYA TALAI(FS-IRR),285,2,298,True,1,10/14/2020 9:35:03 AM,,,,,,,1
1896,4684270202,4684270202,BARKHEDA(FS-DLF),BARKHEDA(FS-DLF),285,2,298,True,1,10/14/2020 9:35:03 AM,,,,,,,1
1897,4685030103,4685030103,JAT(FS-DLF),JAT(FS-DLF),366,2,306,True,1,10/14/2020 9:35:03 AM,,,,,,,1
1898,4685120102,4685120102,GWALIORKALAN(FS-IRR),GWALIORKALAN(FS-IRR),1387,2,306,True,1,10/14/2020 9:35:03 AM,,,,,,,1
1899,4685120103,4685120103,BAGHPURA DLF(FS-DLF),BAGHPURA DLF(FS-DLF),1387,2,306,True,1,10/14/2020 9:35:03 AM,,,,,,,1
1900,4685580102,4685580102,KHEDA(FS-IRR),KHEDA(FS-IRR),1416,2,284,True,1,10/14/2020 9:35:03 AM,,,,,,,1
1901,4685760101,4685760101,DUNGLAWADA DLF(FS-DLF),DUNGLAWADA DLF(FS-DLF),394,2,283,True,1,10/14/2020 9:35:03 AM,,,,,,,1
1902,4685760105,4685760105,KANAWATI(FS-DLF),KANAWATI(FS-DLF),394,2,283,True,1,10/14/2020 9:35:03 AM,,,,,,,1
1903,4686080102,4686080102,KANHAKHEDA IRR(FS-IRR),KANHAKHEDA IRR(FS-IRR),775,2,283,True,1,10/14/2020 9:35:03 AM,,,,,,,1
1904,4686460101,4686460101,JAWASA IRR(FS-IRR),JAWASA IRR(FS-IRR),777,2,288,True,1,10/14/2020 9:35:03 AM,,,,,,,1
1905,4686500103,4686500103,CHAYAN(FS-IRR),CHAYAN(FS-IRR),1312,2,286,True,1,10/14/2020 9:35:03 AM,,,,,,,1
1906,4686800103,4686800103,SEMALI MEWAD IRR(FS-IRR),SEMALI MEWAD IRR(FS-IRR),1181,2,286,True,1,10/14/2020 9:35:03 AM,,,,,,,1
1907,4687110102,4687110102,BAMBORA(FS-IRR),BAMBORA(FS-IRR),669,2,285,True,1,10/14/2020 9:35:03 AM,,,,,,,1
1908,4687110104,4687110104,BAMORI(FS-IRR),BAMORI(FS-IRR),669,2,285,True,1,10/14/2020 9:35:03 AM,,,,,,,1
1909,4687260104,4687260104,CHEETAKHEDA(FS-IRR),CHEETAKHEDA(FS-IRR),1198,2,285,True,1,10/14/2020 9:35:03 AM,,,,,,,1
1910,4687260107,4687260107,GUDLA(FS-DLF),GUDLA(FS-DLF),1198,2,285,True,1,10/14/2020 9:35:03 AM,,,,,,,1
1911,4687440102,4687440102,PALSODA(FS-IRR),PALSODA(FS-IRR),1274,2,286,True,1,10/14/2020 9:35:03 AM,,,,,,,1
1912,4687540104,4687540104,CHACHKHEDI(FS-IRR),CHACHKHEDI(FS-IRR),822,2,287,True,1,10/14/2020 9:35:03 AM,,,,,,,1
1913,4687690107,4687690107,BARAJI(DL)(FS-DLF),BARAJI(DL)(FS-DLF),35,2,313,True,1,10/14/2020 9:35:03 AM,,,,,,,1
1914,4687690108,4687690108,BAKHTUNI(FS-DLF),BAKHTUNI(FS-DLF),579,2,313,True,1,10/14/2020 9:35:03 AM,,,,,,,1
1915,4688160103,4688160103,BARDIA JAGIR(FS-DLF),BARDIA JAGIR(FS-DLF),30,2,311,True,1,10/14/2020 9:35:03 AM,,,,,,,1
1916,4688160106,4688160106,ARNIYAMALI(FS-IRR),ARNIYAMALI(FS-IRR),442,2,311,True,1,10/14/2020 9:35:03 AM,,,,,,,1
1917,4688230108,4688230108,DEORI PARDA(FS-IRR),DEORI PARDA(FS-IRR),515,2,312,True,1,10/14/2020 9:35:03 AM,,,,,,,1
1918,4688760105,4688760105,SEMLI(FS-DLF),SEMLI(FS-DLF),451,2,308,True,1,10/14/2020 9:35:03 AM,,,,,,,1
1919,4689020101,4689020101,PRATAP PURA(FS-IRR),PRATAP PURA(FS-IRR),100,2,314,True,1,10/14/2020 9:35:03 AM,,,,,,,1
1920,4689020106,4689020106,MERIA KHEDI(FS-DLF),MERIA KHEDI(FS-DLF),100,2,314,True,1,10/14/2020 9:35:03 AM,,,,,,,1
1921,4689780103,4689780103,CHACHOR(FS-IRR),CHACHOR(FS-IRR),581,2,309,True,1,10/14/2020 9:35:03 AM,,,,,,,1
1922,4689780106,4689780106,MALKHEDA(FS-DLF),MALKHEDA(FS-DLF),581,2,309,True,1,10/14/2020 9:35:03 AM,,,,,,,1
1923,4690570102,4690570102,GANESH PURA DL(FS-DLF),GANESH PURA DL(FS-DLF),907,2,257,True,1,10/14/2020 9:35:03 AM,,,,,,,1
1924,4690750102,4690750102,ANTRALIYA(FS-IRR),ANTRALIYA(FS-IRR),370,2,251,True,1,10/14/2020 9:35:03 AM,,,,,,,1
1925,4690750103,4690750103,BABULDA DL(FS-DLF),BABULDA DL(FS-DLF),370,2,257,True,1,10/14/2020 9:35:03 AM,,,,,,,1
1926,4691010101,4691010101,SANDRA(FS-IRR),SANDRA(FS-IRR),286,2,255,True,1,10/14/2020 9:35:03 AM,,,,,,,1
1927,4691010103,4691010103,KETHULI DL(FS-DLF),KETHULI DL(FS-DLF),286,2,255,True,1,10/14/2020 9:35:03 AM,,,,,,,1
1928,4691010105,4691010105,BHIMPURA(FS-IRR),BHIMPURA(FS-IRR),286,2,255,True,1,10/14/2020 9:35:03 AM,,,,,,,1
1929,4691040109,4691040109,SAMMATKHEDI(FS-IRR),SAMMATKHEDI(FS-IRR),906,2,255,True,1,10/14/2020 9:35:03 AM,,,,,,,1
1930,4691240103,4691240103,BORDA(FS-IRR),BORDA(FS-IRR),844,2,256,True,1,10/14/2020 9:35:03 AM,,,,,,,1
1931,4691240106,4691240106,DHUWA KHEDI(FS-IRR),DHUWA KHEDI(FS-IRR),844,2,255,True,1,10/14/2020 9:35:03 AM,,,,,,,1
1932,4691240107,4691240107,BHESODA(FS-DLF),BHESODA(FS-DLF),844,2,256,True,1,10/14/2020 9:35:03 AM,,,,,,,1
1933,4691550101,4691550101,PIPLIYA VISNIYA IRRI(FS-IRR),PIPLIYA VISNIYA IRRI(FS-IRR),1137,2,273,True,1,10/14/2020 9:35:03 AM,,,,,,,1
1934,4691550104,4691550104,ARNIYA DEV(FS-DLF),ARNIYA DEV(FS-DLF),1137,2,273,True,1,10/14/2020 9:35:03 AM,,,,,,,1
1935,4691920101,4691920101,KANGHATTI + SEMLI DL(FS-DLF),KANGHATTI + SEMLI DL(FS-DLF),139,2,278,True,1,10/14/2020 9:35:03 AM,,,,,,,1
1936,4691920104,4691920104,SONI IRRIGATION(FS-IRR),SONI IRRIGATION(FS-IRR),139,2,278,True,1,10/14/2020 9:35:03 AM,,,,,,,1
1937,4691970101,4691970101,PIPLIY IRRIGATIONA(FS-IRR),PIPLIY IRRIGATIONA(FS-IRR),1134,2,276,True,1,10/14/2020 9:35:03 AM,,,,,,,1
1938,4692150101,4692150101,BOTALGANJ IRRI(FS-IRR),BOTALGANJ IRRI(FS-IRR),317,2,280,True,1,10/14/2020 9:35:03 AM,,,,,,,1
1939,4692320102,4692320102,TURKIYA(FS-IRR),TURKIYA(FS-IRR),613,2,275,True,1,10/14/2020 9:35:03 AM,,,,,,,1
1940,4692320104,4692320104,SINDPAN DL(FS-DLF),SINDPAN DL(FS-DLF),613,2,275,True,1,10/14/2020 9:35:03 AM,,,,,,,1
1941,4692400105,4692400105,DORWADHA IRR(FS-IRR),DORWADHA IRR(FS-IRR),625,2,275,True,1,10/14/2020 9:35:03 AM,,,,,,,1
1942,4692400110,4692400110,BANS KHEDI(FS-DLF),BANS KHEDI(FS-DLF),625,2,275,True,1,10/14/2020 9:35:03 AM,,,,,,,1
1943,4692680103,4692680103,JODHAPIPLIYA(FS-DLF),JODHAPIPLIYA(FS-DLF),788,2,279,True,1,10/14/2020 9:35:03 AM,,,,,,,1
1944,4692820101,4692820101,GARNAI DL(FS-DLF),GARNAI DL(FS-DLF),632,2,279,True,1,10/14/2020 9:35:03 AM,,,,,,,1
1945,4692560101,4692560101,TAKRAWAD IRRI(FS-IRR),TAKRAWAD IRRI(FS-IRR),553,2,275,True,1,10/14/2020 9:35:03 AM,,,,,,,1
1946,4692560103,4692560103,TAKRAWAD MANJAKHEDI DL(FS-DLF),TAKRAWAD MANJAKHEDI DL(FS-DLF),553,2,275,True,1,10/14/2020 9:35:03 AM,,,,,,,1
1947,4692730101,4692730101,AKIYA BIKA(FS-IRR),AKIYA BIKA(FS-IRR),612,2,279,True,1,10/14/2020 9:35:03 AM,,,,,,,1
1948,4692820104,4692820104,KHEDA(FS-IRR),KHEDA(FS-IRR),632,2,279,True,1,10/14/2020 9:35:03 AM,,,,,,,1
1949,4693020102,4693020102,PIPLIYA RAY SINGH(FS-IRR),PIPLIYA RAY SINGH(FS-IRR),237,2,279,True,1,10/14/2020 9:35:03 AM,,,,,,,1
1950,4693210103,4693210103,BALODA(FS-IRR),BALODA(FS-IRR),371,2,259,True,1,10/14/2020 9:35:03 AM,,,,,,,1
1951,4693210105,4693210105,BALODA DL(FS-DLF),BALODA DL(FS-DLF),371,2,259,True,1,10/14/2020 9:35:03 AM,,,,,,,1
1952,4693550101,4693550101,BARKHEDA GANGASA(FS-IRR),BARKHEDA GANGASA(FS-IRR),14,2,252,True,1,10/14/2020 9:35:03 AM,,,,,,,1
1953,4693550104,4693550104,ARIYA(FS-IRR),ARIYA(FS-IRR),14,2,252,True,1,10/14/2020 9:35:03 AM,,,,,,,1
1954,4693550105,4693550105,RAMNAGAR(FS-DLF),RAMNAGAR(FS-DLF),14,2,252,True,1,10/14/2020 9:35:03 AM,,,,,,,1
1955,4693730101,4693730101,DASORIYA DL(FS-DLF),DASORIYA DL(FS-DLF),843,2,251,True,1,10/14/2020 9:35:03 AM,,,,,,,1
1956,4694090104,4694090104,PAL KHANDA(FS-IRR),PAL KHANDA(FS-IRR),936,2,253,True,1,10/14/2020 9:35:03 AM,,,,,,,1
1957,4694200102,4694200102,HANUMANTIYA(FS-IRR),HANUMANTIYA(FS-IRR),938,2,261,True,1,10/14/2020 9:35:03 AM,,,,,,,1
1958,4694350102,4694350102,KHAI KHEDA(FS-IRR),KHAI KHEDA(FS-IRR),939,2,261,True,1,10/14/2020 9:35:03 AM,,,,,,,1
1959,4694500103,4694500103,RAM KHEDI DL(FS-DLF),RAM KHEDI DL(FS-DLF),742,2,259,True,1,10/14/2020 9:35:03 AM,,,,,,,1
1960,4694800102,4694800102,GARDA(FS-IRR),GARDA(FS-IRR),1087,2,259,True,1,10/14/2020 9:35:03 AM,,,,,,,1
1961,4694800103,4694800103,CHAND WASA WW(FS-DLF),CHAND WASA WW(FS-DLF),1087,2,259,True,1,10/14/2020 9:35:03 AM,,,,,,,1
1962,4695150103,4695150103,KAROLI IRRIGATION(FS-IRR),KAROLI IRRIGATION(FS-IRR),1424,2,265,True,1,10/14/2020 9:35:03 AM,,,,,,,1
1963,4695190102,4695190102,GALYAKHEDI(FS-IRR),GALYAKHEDI(FS-IRR),404,2,263,True,1,10/14/2020 9:35:03 AM,,,,,,,1
1964,4695450104,4695450104,TOWN(DHQ),TOWN(DHQ),1205,2,263,True,1,10/14/2020 9:35:03 AM,,,,,,,1
1965,4695520102,4695520102,GYAS PURA(FS-IRR),GYAS PURA(FS-IRR),1025,2,264,True,1,10/14/2020 9:35:03 AM,,,,,,,1
1966,4695520103,4695520103,KHAJURI BADAYALA DL(FS-DLF),KHAJURI BADAYALA DL(FS-DLF),1025,2,264,True,1,10/14/2020 9:35:03 AM,,,,,,,1
1967,4695520105,4695520105,JAIPURA DL(FS-DLF),JAIPURA DL(FS-DLF),1025,2,264,True,1,10/14/2020 9:35:03 AM,,,,,,,1
1968,4695650102,4695650102,NEW BADAKHEDI DL (BHALOT)(FS-DLF),NEW BADAKHEDI DL (BHALOT)(FS-DLF),975,2,264,True,1,10/14/2020 9:35:03 AM,,,,,,,1
1969,4695670105,4695670105,RAJAKHEDI DL(FS-DLF),RAJAKHEDI DL(FS-DLF),1423,2,264,True,1,10/14/2020 9:35:03 AM,,,,,,,1
1970,4695710105,4695710105,11 KV ALAWADAKHEDI IRR(FS-IRR),11 KV ALAWADAKHEDI IRR(FS-IRR),977,2,263,True,1,10/14/2020 9:35:03 AM,,,,,,,1
1971,4696090104,4696090104,MALIYA(FS-IRR),MALIYA(FS-IRR),1204,2,266,True,1,10/14/2020 9:35:03 AM,,,,,,,1
1972,4696220101,4696220101,BILANTRI IRRIGATION(FS-IRR),BILANTRI IRRIGATION(FS-IRR),316,2,267,True,1,10/14/2020 9:35:03 AM,,,,,,,1
1973,4696220104,4696220104,CHIRMOLIYA IRR(FS-IRR),CHIRMOLIYA IRR(FS-IRR),316,2,267,True,1,10/14/2020 9:35:03 AM,,,,,,,1
1974,4696310104,4696310104,RINDA IRRI(FS-IRR),RINDA IRRI(FS-IRR),315,2,267,True,1,10/14/2020 9:35:03 AM,,,,,,,1
1975,4696310105,4696310105,ISHAKPUR IRR(FS-IRR),ISHAKPUR IRR(FS-IRR),315,2,266,True,1,10/14/2020 9:35:03 AM,,,,,,,1
1976,4696380102,4696380102,LADUSA IRR(FS-IRR),LADUSA IRR(FS-IRR),914,2,263,True,1,10/14/2020 9:35:03 AM,,,,,,,1
1977,4696410101,4696410101,BADWAN IRR(FS-IRR),BADWAN IRR(FS-IRR),206,2,271,True,1,10/14/2020 9:35:03 AM,,,,,,,1
1978,4696410103,4696410103,LALKHARI IRR(FS-IRR),LALKHARI IRR(FS-IRR),206,2,271,True,1,10/14/2020 9:35:03 AM,,,,,,,1
1979,4696500105,4696500105,ZANGRIYA(FS-IRR),ZANGRIYA(FS-IRR),912,2,267,True,1,10/14/2020 9:35:03 AM,,,,,,,1
1980,4696820102,4696820102,GURADIYA(FS-IRR),GURADIYA(FS-IRR),385,2,272,True,1,10/14/2020 9:35:03 AM,,,,,,,1
1981,4696820104,4696820104,HANUMANTI DL(FS-DLF),HANUMANTI DL(FS-DLF),385,2,272,True,1,10/14/2020 9:35:03 AM,,,,,,,1
1982,4696940102,4696940102,GARODA(FS-IRR),GARODA(FS-IRR),1395,2,270,True,1,10/14/2020 9:35:03 AM,,,,,,,1
1983,4696940107,4696940107,BANI(FS-IRR),BANI(FS-IRR),1395,2,270,True,1,10/14/2020 9:35:03 AM,,,,,,,1
1984,4696940108,4696940108,TELEPHONE EXCHANGE(FS-DLF),TELEPHONE EXCHANGE(FS-DLF),1395,2,270,True,1,10/14/2020 9:35:03 AM,,,,,,,1
1985,4696980102,4696980102,PALSODA DL(FS-DLF),PALSODA DL(FS-DLF),840,2,270,True,1,10/14/2020 9:35:03 AM,,,,,,,1
1986,4696980106,4696980106,KHERODA DL(FS-DLF),KHERODA DL(FS-DLF),840,2,270,True,1,10/14/2020 9:35:03 AM,,,,,,,1
1987,4697160101,4697160101,BHEPUR OLD IRR(FS-IRR),BHEPUR OLD IRR(FS-IRR),916,2,269,True,1,10/14/2020 9:35:03 AM,,,,,,,1
1988,4697160102,4697160102,DEHRI(FS-IRR),DEHRI(FS-IRR),916,2,269,True,1,10/14/2020 9:35:03 AM,,,,,,,1
1989,4697240103,4697240103,DALODA SAGRA DL(FS-DLF),DALODA SAGRA DL(FS-DLF),947,2,268,True,1,10/14/2020 9:35:03 AM,,,,,,,1
1990,4697240104,4697240104,AKYA CHOPATI(FS-DLF),AKYA CHOPATI(FS-DLF),947,2,269,True,1,10/14/2020 9:35:03 AM,,,,,,,1
1991,4697270102,4697270102,NAGRI IRRIGATION(FS-IRR),NAGRI IRRIGATION(FS-IRR),935,2,269,True,1,10/14/2020 9:35:03 AM,,,,,,,1
1992,4697270108,4697270108,UMAHEDA DL(FS-DLF),UMAHEDA DL(FS-DLF),935,2,269,True,1,10/14/2020 9:35:03 AM,,,,,,,1
1993,4697330101,4697330101,KACHNARA IRRI(FS-IRR),KACHNARA IRRI(FS-IRR),589,2,290,True,1,10/14/2020 9:35:03 AM,,,,,,,1
1994,4697330109,4697330109,SUNTHI IRR(FS-IRR),SUNTHI IRR(FS-IRR),589,2,290,True,1,10/14/2020 9:35:03 AM,,,,,,,1
1995,4697610102,4697610102,BAJKHEDI(FS-DLF),BAJKHEDI(FS-DLF),1247,2,292,True,1,10/14/2020 9:35:03 AM,,,,,,,1
1996,4697870101,4697870101,KHAJURI GOD(FS-DLF),KHAJURI GOD(FS-DLF),1455,2,292,True,1,10/14/2020 9:35:03 AM,,,,,,,1
1997,4698240101,4698240101,RAWATI IRRI(FS-IRR),RAWATI IRRI(FS-IRR),1069,2,294,True,1,10/14/2020 9:35:03 AM,,,,,,,1
1998,4698240103,4698240103,RAWATI+ SAKH TALI DL(FS-DLF),RAWATI+ SAKH TALI DL(FS-DLF),1069,2,294,True,1,10/14/2020 9:35:03 AM,,,,,,,1
1999,4698240104,4698240104,DUDHIYA IRR(FS-IRR),DUDHIYA IRR(FS-IRR),1069,2,291,True,1,10/14/2020 9:35:03 AM,,,,,,,1
2000,4698490101,4698490101,LASUDIYA(FS-IRR),LASUDIYA(FS-IRR),520,2,291,True,1,10/14/2020 9:35:03 AM,,,,,,,1
